policyId,bookingId,coverageAmount,premium,statusId
1,1,1778.54,138.57,13
2,2,1598.84,112.77,13
3,4,827.92,46.22,13
4,5,821.74,41.99,13
5,6,1775.91,132.16,13
6,8,1591.21,107.59,13
7,9,2870.3,92.01,13
8,10,2614.37,172.72,13
9,11,1224.11,42.55,13
10,12,844.06,66.08,13
11,15,955.91,65.09,13
12,16,1117.6,55.33,13
13,18,2653.42,192.87,13
14,19,2383.64,108.29,13
15,21,1036.25,27.55,13
16,22,739.1,29.4,13
17,23,985.73,29.9,13
18,24,2345.16,179.88,13
19,25,1085.68,43.45,13
20,26,1208.13,25.06,13
21,27,2979.32,133.92,13
22,29,1314.41,50.07,13
23,31,1288.26,80.56,13
24,32,787.25,55.77,13
25,34,2036.98,108.9,13
26,35,2395.36,176.44,13
27,37,2848.58,220.78,13
28,38,599.96,40.04,13
29,39,2423.82,97.99,13
30,40,2410.37,103.05,13
31,41,2261.56,101.65,13
32,46,1725.97,62.12,13
33,47,1729.9,58.31,13
34,48,1348.66,46.26,13
35,53,2659.8,67.12,13
36,54,2441.34,169.97,13
37,55,2325.83,182.92,13
38,57,2597.18,109.08,13
39,66,2947.4,136.87,13
40,68,1278.48,32.85,13
41,72,1963.52,145.54,13
42,75,2965.63,69.09,13
43,76,2178.17,163.09,13
44,77,2339.35,93.85,13
45,79,2340.02,62.72,13
46,81,2324.73,65.35,13
47,83,699.34,14.44,13
48,84,1203.59,55.53,13
49,85,2606.37,130.56,13
50,86,1771.94,89.47,13
51,89,1872.77,148.48,13
52,90,1751.43,109.07,13
53,91,2331.15,96.35,13
54,93,747.38,54.13,13
55,94,2793.45,156.7,13
56,95,667.59,48.1,13
57,96,1438.94,89.95,13
58,100,1385.88,29.44,13
59,105,832.24,41.27,13
60,106,1494.27,76.53,13
61,107,2927.91,231.16,13
62,108,1254.18,26.42,13
63,109,2855.17,218.02,13
64,110,2103.69,167.8,13
65,113,741.6,48.42,13
66,114,1607.45,71.4,13
67,117,1343.27,94.5,13
68,118,1433.91,66.3,13
69,119,2973.77,193.85,13
70,120,2223.37,177.05,13
71,121,2466.4,188.71,13
72,123,2296.25,111.76,13
73,124,1293.35,66.34,13
74,125,1610.55,38.96,13
75,127,1527.94,65.1,13
76,128,2091.7,149.44,13
77,129,2077.55,91.91,13
78,130,1201.86,40.38,13
79,132,993.45,59.52,13
80,133,977.92,71.16,13
81,134,2587.35,141.23,13
82,135,2665.38,92.49,13
83,137,2961.95,68.22,13
84,138,1329.43,100.18,13
85,139,2930.94,63.81,13
86,140,760.0,46.09,13
87,141,1511.13,53.03,13
88,145,1011.39,69.82,13
89,146,656.52,47.97,13
90,147,2504.69,136.11,13
91,148,2565.94,76.33,13
92,149,1700.81,124.06,13
93,154,852.77,65.48,13
94,156,2539.12,126.2,13
95,157,1168.92,77.17,13
96,158,1351.63,34.08,13
97,159,1342.71,28.45,13
98,162,700.44,20.05,13
99,166,1473.71,36.57,13
100,170,2025.82,88.18,13
101,171,1190.88,58.42,13
102,173,2225.3,164.9,13
103,174,1768.6,52.66,13
104,177,1430.09,93.02,13
105,178,2190.23,171.56,13
106,179,664.59,36.85,13
107,184,1449.21,93.58,13
108,185,2656.67,209.43,13
109,187,928.16,42.99,13
110,191,957.6,48.21,13
111,194,2923.38,96.95,13
112,195,1751.78,114.36,13
113,196,2457.73,91.45,13
114,198,1910.09,122.76,13
115,199,2406.99,126.2,13
116,200,2331.46,163.03,13
117,202,2242.39,125.87,13
118,203,946.04,30.81,13
119,204,917.16,48.77,13
120,206,564.08,34.47,13
121,207,1430.39,113.43,13
122,209,2465.33,91.75,13
123,210,2234.13,96.49,13
124,211,510.64,14.6,13
125,213,1012.81,75.62,13
126,214,822.41,25.0,13
127,216,1146.71,32.44,13
128,217,1264.77,43.4,13
129,220,1203.11,89.46,13
130,221,2347.78,137.72,13
131,222,1216.18,65.92,13
132,224,943.29,64.59,13
133,225,1595.98,32.15,13
134,227,2200.9,110.35,13
135,228,675.67,15.5,13
136,229,1814.04,128.3,13
137,230,2394.73,87.1,13
138,233,2007.51,87.02,13
139,234,1111.53,80.48,13
140,239,1763.68,111.94,13
141,240,2547.34,135.61,13
142,241,2299.3,100.97,13
143,242,1823.3,74.26,13
144,243,1618.53,86.49,13
145,246,2994.66,122.53,13
146,248,592.86,40.61,13
147,252,1858.55,91.87,13
148,254,785.02,44.13,13
149,255,2854.98,100.89,13
150,257,2167.24,164.22,13
151,259,2771.75,185.15,13
152,261,1486.53,43.46,13
153,263,2077.94,64.64,13
154,264,641.44,28.38,13
155,265,2952.33,201.92,13
156,266,1533.28,71.43,13
157,269,1831.94,44.07,13
158,271,1940.57,69.64,13
159,272,2874.05,156.49,13
160,273,1043.02,43.49,13
161,275,2171.58,64.0,13
162,276,1469.78,34.28,13
163,277,878.56,69.44,13
164,279,1473.83,39.09,13
165,280,2449.82,65.32,13
166,281,1522.14,66.38,13
167,282,1950.8,41.53,13
168,283,1410.82,68.22,13
169,284,1507.39,48.59,13
170,285,1689.5,48.73,13
171,286,2249.07,88.54,13
172,287,849.68,64.34,13
173,290,2280.12,94.16,13
174,293,2054.79,113.69,13
175,294,1584.22,96.96,13
176,296,2243.18,80.9,13
177,301,1168.21,25.38,13
178,302,1667.92,55.72,13
179,304,1183.04,83.03,13
180,306,2978.5,209.84,13
181,308,2289.54,112.74,13
182,310,2090.02,99.05,13
183,311,853.46,39.05,13
184,313,2187.41,143.0,13
185,314,1104.9,85.06,13
186,315,1741.95,49.03,13
187,319,1548.69,112.1,13
188,321,2732.14,126.26,13
189,322,2640.96,162.45,13
190,324,1395.86,100.85,13
191,325,1985.84,40.88,13
192,327,2681.87,78.57,13
193,329,1355.1,27.62,13
194,330,2029.66,134.4,13
195,332,1369.95,70.94,13
196,335,1963.55,117.23,13
197,338,1389.8,64.16,13
198,339,953.74,24.56,13
199,341,2037.59,74.94,13
200,342,2054.75,136.47,13
201,343,2139.89,159.63,13
202,344,1999.24,65.01,13
203,345,1879.08,73.3,13
204,346,1968.14,44.27,13
205,347,2345.02,141.71,13
206,348,1423.33,34.03,13
207,351,2758.63,162.89,13
208,352,850.45,60.46,13
209,353,2262.33,113.45,13
210,354,1633.44,51.36,13
211,355,1439.39,97.43,13
212,356,1825.92,44.11,13
213,357,1863.06,136.66,13
214,359,2394.28,175.57,13
215,360,1763.28,137.02,13
216,361,2452.03,76.57,13
217,362,1401.55,34.31,13
218,363,1301.05,93.5,13
219,364,974.46,25.74,13
220,365,2131.53,49.46,13
221,367,2360.73,122.04,13
222,368,1158.61,88.22,13
223,369,2933.19,106.59,13
224,370,2684.72,141.26,13
225,372,2975.14,141.45,13
226,374,1748.95,123.59,13
227,375,2882.24,101.48,13
228,376,1823.72,40.52,13
229,377,882.94,19.11,13
230,381,516.95,30.46,13
231,382,2065.37,149.32,13
232,383,2647.65,74.96,13
233,387,1336.33,60.17,13
234,390,638.24,50.5,13
235,391,2961.28,168.95,13
236,396,1711.75,125.78,13
237,397,2511.07,136.54,13
238,399,2816.87,108.46,13
239,400,1654.17,120.06,13
240,402,976.74,70.5,13
241,403,2476.85,164.87,13
242,407,811.87,22.96,13
243,408,2454.31,122.29,13
244,411,1127.91,66.7,13
245,412,751.78,51.73,13
246,413,826.92,48.69,13
247,415,1712.4,53.99,13
248,417,2456.97,188.95,13
249,419,2765.61,144.46,13
250,420,1157.94,91.12,13
251,421,1835.03,121.29,13
252,422,1271.72,41.98,13
253,423,2705.14,137.69,13
254,424,883.52,36.99,13
255,425,2911.02,216.7,13
256,426,2401.03,52.93,13
257,428,1884.49,41.24,13
258,431,1374.18,100.08,13
259,433,1319.07,92.24,13
260,435,731.32,28.4,13
261,436,1858.75,113.94,13
262,438,1851.14,99.2,13
263,439,1702.21,97.47,13
264,444,1205.12,62.46,13
265,445,2517.43,102.85,13
266,449,1237.41,56.5,13
267,450,1991.56,110.8,13
268,451,1635.36,36.19,13
269,453,1408.6,99.45,13
270,455,1840.82,76.8,13
271,457,1331.33,88.72,13
272,459,1744.06,118.88,13
273,460,1401.44,80.22,13
274,461,1998.82,60.21,13
275,462,1203.93,79.98,13
276,463,2735.16,146.78,13
277,465,1452.99,113.84,13
278,466,1274.31,74.9,13
279,467,1480.2,57.32,13
280,469,1084.24,35.86,13
281,470,2851.19,169.8,13
282,472,2145.65,53.48,13
283,473,2193.89,69.81,13
284,474,2538.08,194.86,13
285,476,1766.89,85.68,13
286,477,1640.6,114.56,13
287,479,2370.37,79.64,13
288,482,2409.14,59.19,13
289,485,2702.82,110.21,13
290,486,2165.7,111.23,13
291,490,2086.47,135.78,13
292,493,1819.31,69.95,13
293,494,2663.14,84.47,13
294,495,1936.77,87.53,13
295,497,1353.87,66.48,13
296,498,2621.48,112.96,13
297,499,1107.29,41.36,13
298,500,810.81,40.83,13
299,501,1151.75,44.68,13
300,502,2872.76,79.18,13
301,503,2804.72,142.57,13
302,504,1278.19,44.82,13
303,505,1564.81,103.9,13
304,507,2579.99,154.93,13
305,508,2775.31,106.18,13
306,509,2998.33,148.52,13
307,512,2547.5,109.21,13
308,513,1588.45,95.93,13
309,514,2862.75,227.94,13
310,515,1685.09,52.69,13
311,516,2929.38,106.07,13
312,518,1167.82,67.45,13
313,519,539.0,10.97,13
314,520,1435.85,84.06,13
315,522,1362.04,52.71,13
316,523,1199.43,85.67,13
317,525,2437.01,128.08,13
318,527,590.71,42.72,13
319,528,1485.11,94.44,13
320,530,1837.75,63.36,13
321,531,2712.27,116.51,13
322,532,1823.66,130.31,13
323,536,1986.29,43.47,13
324,540,1126.85,22.75,13
325,541,517.14,31.18,13
326,542,2283.02,62.7,13
327,544,709.11,36.02,13
328,545,631.9,19.36,13
329,547,2286.24,64.75,13
330,549,1016.82,50.61,13
331,552,1154.3,37.46,13
332,554,612.11,33.73,13
333,555,1084.56,35.41,13
334,557,2394.05,142.24,13
335,558,1974.26,45.69,13
336,563,2721.57,179.98,13
337,565,2192.62,89.47,13
338,567,862.67,20.32,13
339,568,654.83,14.1,13
340,569,2266.47,66.59,13
341,570,527.68,20.5,13
342,571,2248.04,60.4,13
343,573,2477.81,139.95,13
344,576,1549.72,97.68,13
345,579,1401.76,52.3,13
346,581,605.37,16.73,13
347,583,957.88,30.04,13
348,584,1400.0,66.85,13
349,586,2115.69,82.83,13
350,587,1418.21,105.35,13
351,588,889.02,21.18,13
352,589,2667.99,104.92,13
353,590,2056.68,97.7,13
354,591,1286.71,38.27,13
355,596,1589.1,82.89,13
356,597,1519.6,62.04,13
357,598,1025.44,65.74,13
358,599,819.05,19.89,13
359,600,2400.41,148.8,13
360,601,1391.09,45.37,13
361,604,1253.27,80.49,13
362,605,2481.9,92.6,13
363,607,2460.4,91.8,13
364,608,2280.41,77.22,13
365,609,1800.85,57.65,13
366,611,1429.12,53.14,13
367,612,2642.8,201.63,13
368,615,2911.18,119.7,13
369,616,2200.69,81.85,13
370,617,2863.9,60.93,13
371,624,2372.06,114.36,13
372,626,1302.23,95.7,13
373,627,616.06,45.96,13
374,628,1033.34,21.92,13
375,629,756.5,21.48,13
376,630,2902.94,76.63,13
377,631,2532.84,141.28,13
378,632,977.57,52.13,13
379,634,2940.45,223.85,13
380,635,1076.69,30.13,13
381,638,1160.2,37.33,13
382,639,1340.19,29.73,13
383,640,2586.85,112.7,13
384,641,1601.48,84.92,13
385,648,946.53,49.41,13
386,649,2765.92,172.53,13
387,650,1344.23,90.85,13
388,651,2201.19,71.44,13
389,654,970.69,21.46,13
390,656,707.16,33.45,13
391,657,2258.01,58.73,13
392,658,1346.37,63.61,13
393,660,1673.24,97.6,13
394,661,1452.39,105.69,13
395,663,1210.46,95.93,13
396,664,536.36,30.42,13
397,666,2017.59,49.83,13
398,668,2239.66,103.47,13
399,671,2016.76,66.63,13
400,672,770.59,41.74,13
401,676,2925.08,218.42,13
402,677,1471.94,44.75,13
403,679,2239.84,45.98,13
404,680,727.61,29.26,13
405,681,2782.02,142.39,13
406,682,1044.36,78.66,13
407,683,1333.09,42.87,13
408,685,1761.74,121.38,13
409,687,1586.21,72.91,13
410,689,2533.64,177.35,13
411,690,673.99,29.06,13
412,692,2178.11,96.5,13
413,695,2039.38,143.86,13
414,696,2034.1,89.81,13
415,697,2476.1,160.81,13
416,698,1349.78,62.54,13
417,699,612.97,19.8,13
418,700,2152.9,61.65,13
419,701,1535.88,82.07,13
420,705,2024.56,114.34,13
421,708,1139.63,33.81,13
422,709,1918.43,126.9,13
423,710,753.55,30.7,13
424,713,1560.65,91.39,13
425,717,611.27,22.22,13
426,723,810.32,63.08,13
427,725,1395.68,32.9,13
428,726,2163.08,134.63,13
429,728,1181.9,35.09,13
430,730,1047.94,47.03,13
431,731,956.56,65.26,13
432,732,839.14,51.63,13
433,736,1351.43,75.66,13
434,738,1223.09,43.07,13
435,739,709.14,26.23,13
436,741,2181.74,165.26,13
437,745,2128.36,138.53,13
438,746,2483.72,190.81,13
439,747,2640.37,55.84,13
440,748,2118.79,55.36,13
441,749,2458.36,162.63,13
442,750,2839.36,207.34,13
443,752,2013.61,99.26,13
444,753,2019.95,142.45,13
445,754,538.27,24.82,13
446,755,2666.96,69.58,13
447,757,693.52,33.39,13
448,759,1599.65,44.98,13
449,762,1996.39,40.13,13
450,763,1270.95,74.77,13
451,764,1696.49,69.11,13
452,765,2421.61,77.25,13
453,766,845.89,51.67,13
454,767,1100.32,23.64,13
455,768,2671.75,107.4,13
456,769,2781.82,125.02,13
457,770,1128.56,83.59,13
458,771,2765.6,66.92,13
459,772,728.6,32.7,13
460,773,1226.7,64.23,13
461,775,852.54,50.61,13
462,776,1419.89,103.65,13
463,777,2701.28,153.69,13
464,781,1920.98,66.86,13
465,782,1452.45,58.91,13
466,785,719.9,31.72,13
467,786,2767.38,87.85,13
468,787,2819.46,111.34,13
469,788,2387.17,67.18,13
470,789,1312.83,43.3,13
471,790,2149.87,136.54,13
472,792,2405.62,130.11,13
473,794,1515.82,118.86,13
474,795,1874.45,149.79,13
475,796,940.71,56.58,13
476,797,2948.21,127.52,13
477,798,1583.04,40.05,13
478,799,2230.19,149.86,13
479,801,602.27,23.18,13
480,803,520.86,40.0,13
481,805,1499.7,42.75,13
482,809,1131.73,81.42,13
483,811,2871.36,165.71,13
484,812,2821.44,214.6,13
485,813,2831.4,180.7,13
486,814,2684.33,206.24,13
487,815,1283.23,47.6,13
488,816,1545.45,90.98,13
489,819,2147.79,93.2,13
490,822,1784.56,111.63,13
491,823,2469.86,151.79,13
492,824,831.48,47.31,13
493,825,2506.05,158.2,13
494,829,2102.45,94.66,13
495,831,1916.68,46.44,13
496,833,735.06,38.52,13
497,834,2336.86,96.47,13
498,839,1957.9,77.49,13
499,841,2547.82,129.75,13
500,842,894.23,44.8,13
501,843,2276.73,55.32,13
502,846,1450.91,35.11,13
503,850,2329.3,179.8,13
504,851,1997.74,149.16,13
505,852,2492.14,56.32,13
506,853,978.08,67.33,13
507,855,2339.81,180.97,13
508,860,623.17,29.99,13
509,861,2607.45,73.89,13
510,862,1820.41,125.45,13
511,863,1933.2,77.01,13
512,865,2217.67,123.2,13
513,866,2881.1,137.95,13
514,867,614.27,19.83,13
515,868,1883.62,62.83,13
516,869,2043.22,84.92,13
517,870,799.92,27.57,13
518,873,2353.5,176.89,13
519,874,2559.27,121.47,13
520,875,1878.24,90.28,13
521,879,519.22,27.56,13
522,880,825.59,54.67,13
523,884,1261.48,77.17,13
524,886,1648.77,52.56,13
525,888,558.06,28.84,13
526,889,2190.61,154.79,13
527,893,1764.35,81.76,13
528,894,2607.41,132.55,13
529,895,525.24,10.65,13
530,896,2805.23,92.87,13
531,897,1223.94,30.66,13
532,899,2974.79,184.57,13
533,901,1122.96,35.6,13
534,906,2898.7,67.16,13
535,907,1097.62,79.47,13
536,908,2564.45,142.16,13
537,909,2717.09,211.62,13
538,910,1800.21,141.47,13
539,913,2460.21,61.97,13
540,914,1032.76,63.03,13
541,915,947.18,66.16,13
542,916,1815.58,72.31,13
543,920,831.79,41.89,13
544,921,534.87,39.59,13
545,922,2279.81,85.85,13
546,923,1689.58,127.79,13
547,924,2632.57,105.5,13
548,925,2296.81,63.66,13
549,928,1374.81,93.69,13
550,929,1732.67,42.27,13
551,931,2468.43,90.55,13
552,932,2556.28,93.26,13
553,933,2557.75,77.34,13
554,935,2754.28,183.33,13
555,940,2647.76,189.11,13
556,944,1814.13,135.95,13
557,946,1213.09,27.58,13
558,947,2363.86,82.73,13
559,948,2463.58,192.9,13
560,949,1775.62,37.08,13
561,952,2622.78,161.55,13
562,953,1069.51,26.63,13
563,954,1456.37,33.41,13
564,955,1492.61,82.06,13
565,956,2740.29,146.02,13
566,957,1671.33,110.79,13
567,960,2634.41,84.1,13
568,962,1746.62,129.06,13
569,964,721.8,42.52,13
570,967,2978.44,236.46,13
571,968,961.89,49.08,13
572,970,2260.76,139.79,13
573,972,2072.67,147.88,13
574,974,1085.16,39.55,13
575,975,1454.48,69.62,13
576,977,2491.02,133.91,13
577,978,1949.1,136.79,13
578,979,553.23,14.1,13
579,980,1814.89,115.83,13
580,981,1191.9,24.36,13
581,982,2046.14,51.88,13
582,983,2074.06,68.17,13
583,984,1472.34,63.92,13
584,985,1467.73,111.24,13
585,986,2308.33,123.22,13
586,987,1534.41,103.99,13
587,988,2779.18,188.3,13
588,991,816.2,31.48,13
589,992,2583.32,62.65,13
590,993,1473.09,64.21,13
591,994,2451.85,86.46,13
592,995,1316.42,61.08,13
593,997,2390.09,72.34,13
594,1000,990.07,77.13,13
595,1001,2267.91,124.68,13
596,1002,2875.84,224.64,13
597,1003,2803.54,216.23,13
598,1004,2252.08,161.82,13
599,1005,2060.18,48.93,13
600,1006,2504.66,113.73,13
601,1009,1594.69,41.45,13
602,1010,1407.55,75.0,13
603,1011,1364.56,104.3,13
604,1016,598.49,43.01,13
605,1017,1641.49,114.28,13
606,1020,2903.53,124.99,13
607,1022,2201.47,85.71,13
608,1023,1643.88,65.94,13
609,1028,2842.99,59.92,13
610,1029,2142.84,131.9,13
611,1032,1418.06,64.33,13
612,1037,2303.59,92.94,13
613,1038,1552.57,63.6,13
614,1042,1368.04,95.07,13
615,1044,1145.38,26.15,13
616,1045,663.95,30.45,13
617,1048,2890.71,188.22,13
618,1050,2884.35,85.56,13
619,1053,1434.12,39.94,13
620,1056,2279.92,75.56,13
621,1057,1913.09,63.19,13
622,1058,1201.42,27.45,13
623,1059,2533.09,114.55,13
624,1060,2584.26,194.32,13
625,1063,2729.27,61.53,13
626,1064,1332.07,26.67,13
627,1066,1721.11,103.88,13
628,1068,2026.73,114.78,13
629,1069,2792.7,179.09,13
630,1070,1178.09,37.2,13
631,1072,1987.2,108.34,13
632,1073,2412.61,159.48,13
633,1074,1166.81,76.13,13
634,1075,832.7,45.97,13
635,1077,2251.18,97.55,13
636,1078,2916.84,213.3,13
637,1079,2273.42,88.88,13
638,1080,2289.64,139.36,13
639,1086,1180.16,61.86,13
640,1089,719.82,41.89,13
641,1090,845.65,33.55,13
642,1091,1611.64,111.77,13
643,1092,595.43,30.96,13
644,1094,1344.92,52.89,13
645,1095,1238.23,85.91,13
646,1096,2357.0,160.07,13
647,1099,2148.16,160.84,13
648,1100,2902.33,182.67,13
649,1102,2717.87,72.77,13
650,1103,1813.9,43.05,13
651,1106,2689.18,57.33,13
652,1107,2590.77,178.59,13
653,1110,2962.23,192.04,13
654,1111,2410.67,59.08,13
655,1113,1476.03,57.15,13
656,1114,2218.32,70.46,13
657,1115,1600.12,104.26,13
658,1116,2158.0,105.51,13
659,1117,618.56,36.9,13
660,1118,1264.52,84.21,13
661,1119,2138.26,79.11,13
662,1122,657.1,42.61,13
663,1125,1239.79,69.53,13
664,1126,754.31,35.93,13
665,1128,2454.55,118.64,13
666,1130,689.97,49.83,13
667,1131,2102.53,164.61,13
668,1134,2496.64,188.79,13
669,1135,1614.79,38.9,13
670,1136,1935.67,52.43,13
671,1138,2599.9,115.01,13
672,1140,2232.8,62.47,13
673,1141,2988.79,172.01,13
674,1142,1816.68,74.1,13
675,1146,558.26,38.1,13
676,1148,684.25,31.19,13
677,1152,2768.88,176.17,13
678,1154,1584.51,107.93,13
679,1156,909.41,42.8,13
680,1157,947.18,71.29,13
681,1158,2251.32,88.31,13
682,1159,793.82,26.68,13
683,1160,1481.05,95.46,13
684,1163,2179.43,71.9,13
685,1165,2950.94,93.24,13
686,1167,1663.77,125.46,13
687,1169,1689.63,127.47,13
688,1171,1863.23,60.13,13
689,1172,791.89,52.06,13
690,1173,890.52,52.52,13
691,1174,1770.73,93.88,13
692,1175,1716.78,71.32,13
693,1178,1361.29,54.89,13
694,1180,1486.19,56.41,13
695,1181,2238.83,68.89,13
696,1182,1919.55,68.95,13
697,1183,818.6,48.42,13
698,1186,1364.68,42.33,13
699,1187,2938.4,95.4,13
700,1188,1876.92,91.65,13
701,1189,1148.97,66.21,13
702,1190,1899.47,92.52,13
703,1191,1251.44,95.67,13
704,1193,2147.34,52.91,13
705,1195,668.28,34.89,13
706,1199,1716.13,92.86,13
707,1200,636.92,28.4,13
708,1201,2486.44,149.67,13
709,1202,2286.41,84.51,13
710,1205,2257.26,135.17,13
711,1207,2919.76,129.07,13
712,1208,674.18,21.95,13
713,1210,1828.18,80.95,13
714,1211,783.21,26.6,13
715,1212,1232.68,29.96,13
716,1215,2039.39,119.3,13
717,1216,617.24,40.07,13
718,1219,2469.6,185.82,13
719,1220,2595.3,177.69,13
720,1222,535.19,35.31,13
721,1223,1092.32,49.03,13
722,1224,2989.36,205.94,13
723,1225,2230.01,66.67,13
724,1226,694.62,19.47,13
725,1229,885.44,52.67,13
726,1231,1715.8,80.88,13
727,1235,1857.49,52.71,13
728,1237,2495.28,119.24,13
729,1238,1035.78,25.73,13
730,1239,857.81,55.59,13
731,1241,2299.54,180.58,13
732,1242,2934.4,114.16,13
733,1244,2211.1,76.94,13
734,1246,1901.0,64.13,13
735,1248,2985.63,186.21,13
736,1249,2480.04,144.03,13
737,1250,1950.37,124.01,13
738,1251,1793.83,74.44,13
739,1252,524.83,19.05,13
740,1255,845.52,66.65,13
741,1256,1289.1,46.89,13
742,1257,854.19,22.57,13
743,1259,2062.82,73.36,13
744,1260,2623.3,135.13,13
745,1261,1854.52,105.46,13
746,1262,653.21,28.71,13
747,1264,1668.43,53.23,13
748,1265,1541.68,116.11,13
749,1266,1513.71,119.71,13
750,1267,1829.79,98.76,13
751,1268,943.61,34.02,13
752,1270,2897.11,100.1,13
753,1271,1824.81,67.17,13
754,1272,2822.2,154.52,13
755,1273,1264.29,43.92,13
756,1274,610.72,31.11,13
757,1276,595.15,46.1,13
758,1277,2139.56,169.59,13
759,1279,695.67,29.91,13
760,1280,1311.76,92.37,13
761,1283,1074.82,22.0,13
762,1286,1690.26,41.65,13
763,1287,615.6,18.81,13
764,1289,1689.53,62.88,13
765,1291,1217.34,36.09,13
766,1292,1141.46,59.26,13
767,1293,2991.35,99.18,13
768,1297,2960.95,156.0,13
769,1299,1143.85,53.53,13
770,1300,2723.52,93.06,13
771,1302,1845.15,45.45,13
772,1303,2359.09,155.05,13
773,1306,846.49,27.39,13
774,1310,2881.62,120.86,13
775,1311,2033.61,64.52,13
776,1314,1858.64,66.97,13
777,1315,2438.88,97.05,13
778,1316,1531.41,113.6,13
779,1317,2579.04,160.44,13
780,1321,2604.58,91.73,13
781,1323,2340.32,180.14,13
782,1324,2006.22,92.86,13
783,1325,2599.12,110.29,13
784,1330,2184.44,60.8,13
785,1331,2510.82,98.02,13
786,1333,1077.08,82.66,13
787,1335,1427.95,46.87,13
788,1336,531.4,28.88,13
789,1337,1365.49,82.96,13
790,1338,1690.58,72.16,13
791,1341,586.16,18.31,13
792,1344,960.65,62.21,13
793,1345,1874.49,86.85,13
794,1346,2635.26,203.61,13
795,1347,1721.54,79.33,13
796,1348,2343.47,156.04,13
797,1350,1734.09,74.09,13
798,1352,2276.03,45.88,13
799,1355,1511.73,87.43,13
800,1356,2362.8,188.32,13
801,1357,1535.12,48.1,13
802,1358,566.55,13.82,13
803,1359,801.82,60.96,13
804,1360,513.42,11.63,13
805,1361,1843.96,52.37,13
806,1362,637.65,21.77,13
807,1364,1966.09,107.25,13
808,1365,2964.72,68.06,13
809,1366,575.8,26.19,13
810,1367,1617.46,113.46,13
811,1368,730.4,35.21,13
812,1369,1158.9,55.57,13
813,1370,1913.15,121.03,13
814,1373,609.95,26.55,13
815,1374,2340.55,119.12,13
816,1376,1655.12,75.77,13
817,1377,1662.11,124.96,13
818,1378,549.74,38.34,13
819,1379,884.32,33.89,13
820,1381,2555.79,197.11,13
821,1382,1657.54,116.22,13
822,1383,2227.01,134.37,13
823,1384,2769.04,207.38,13
824,1388,2416.42,156.08,13
825,1389,1249.45,65.24,13
826,1390,1491.37,86.69,13
827,1393,2642.29,71.89,13
828,1394,1762.57,36.14,13
829,1395,2760.0,57.44,13
830,1397,2851.94,132.95,13
831,1398,1776.45,87.66,13
832,1399,2394.82,82.42,13
833,1401,951.11,37.58,13
834,1404,1057.54,51.66,13
835,1408,2991.2,189.17,13
836,1409,611.01,24.77,13
837,1410,1734.53,73.1,13
838,1411,1553.85,107.03,13
839,1412,2245.78,51.72,13
840,1413,1378.74,34.71,13
841,1415,1453.03,85.22,13
842,1416,2020.98,69.37,13
843,1417,2886.44,223.48,13
844,1418,1944.74,72.17,13
845,1419,2926.3,171.27,13
846,1420,2797.27,93.76,13
847,1423,1377.46,71.0,13
848,1425,1426.34,94.62,13
849,1426,746.28,45.8,13
850,1427,2822.44,94.28,13
851,1429,981.45,22.82,13
852,1431,1140.3,59.48,13
853,1433,2169.06,125.5,13
854,1434,1766.38,111.1,13
855,1436,772.87,59.09,13
856,1437,1064.43,82.03,13
857,1440,664.31,47.64,13
858,1443,2602.42,128.12,13
859,1444,618.06,25.76,13
860,1445,1365.0,92.0,13
861,1447,959.61,52.45,13
862,1448,595.16,17.47,13
863,1449,2118.21,103.43,13
864,1450,2623.29,197.94,13
865,1451,2259.06,146.77,13
866,1452,555.09,14.96,13
867,1453,2551.89,52.67,13
868,1455,2659.64,69.2,13
869,1458,1943.01,139.53,13
870,1461,1576.93,52.29,13
871,1462,1093.63,60.27,13
872,1463,2971.59,182.65,13
873,1464,2894.42,158.31,13
874,1466,2073.68,92.25,13
875,1467,1790.02,79.22,13
876,1469,1486.73,68.27,13
877,1470,1292.9,47.18,13
878,1471,1455.12,53.53,13
879,1473,1540.12,107.25,13
880,1474,2400.11,143.68,13
881,1475,1357.82,90.2,13
882,1476,995.38,69.66,13
883,1477,2159.66,134.93,13
884,1479,2065.98,159.57,13
885,1480,1224.61,31.61,13
886,1482,1794.33,126.62,13
887,1483,1893.81,99.96,13
888,1488,2971.34,226.26,13
889,1491,2458.5,91.73,13
890,1492,2588.3,149.03,13
891,1493,2849.36,142.8,13
892,1495,2155.37,54.23,13
893,1497,734.49,14.99,13
894,1498,936.27,72.89,13
895,1499,1046.94,25.09,13
896,1500,1637.51,130.45,13
897,1501,2066.57,49.56,13
898,1502,1821.16,38.39,13
899,1503,2379.16,172.7,13
900,1504,1097.0,76.8,13
901,1506,793.58,55.13,13
902,1507,1138.16,23.31,13
903,1508,2552.39,88.91,13
904,1511,1388.06,80.75,13
905,1514,1665.18,82.46,13
906,1515,1221.47,71.71,13
907,1518,688.75,44.0,13
908,1521,1933.52,50.12,13
909,1525,2780.26,213.08,13
910,1527,1718.47,38.96,13
911,1530,1788.36,115.4,13
912,1535,1777.26,59.46,13
913,1539,1555.15,83.97,13
914,1540,2508.21,137.55,13
915,1541,676.2,28.82,13
916,1542,2042.43,55.33,13
917,1544,1916.32,56.47,13
918,1546,1632.53,35.28,13
919,1549,2461.87,101.69,13
920,1554,1992.85,92.75,13
921,1558,1706.0,104.94,13
922,1561,2756.12,107.73,13
923,1563,832.77,49.42,13
924,1564,1687.4,118.58,13
925,1565,1097.01,52.72,13
926,1566,733.34,43.9,13
927,1567,1746.89,87.36,13
928,1569,1616.89,94.89,13
929,1570,2848.64,101.67,13
930,1571,2359.7,154.13,13
931,1572,2932.63,233.73,13
932,1574,1121.36,22.63,13
933,1575,2495.4,151.79,13
934,1576,2497.29,126.05,13
935,1582,2542.06,101.73,13
936,1585,2391.5,55.74,13
937,1586,1038.22,71.48,13
938,1587,1996.14,109.64,13
939,1588,2237.41,125.46,13
940,1590,971.06,58.01,13
941,1591,2352.21,78.78,13
942,1592,2061.63,110.87,13
943,1593,2732.28,129.09,13
944,1596,2356.41,116.12,13
945,1597,1599.61,106.02,13
946,1598,1821.08,70.97,13
947,1599,1099.02,35.3,13
948,1600,2468.9,156.66,13
949,1601,2042.47,53.64,13
950,1607,527.09,29.73,13
951,1608,2161.82,50.6,13
952,1610,2617.93,110.82,13
953,1612,654.66,39.68,13
954,1614,796.92,21.26,13
955,1615,1334.03,75.52,13
956,1617,2726.09,132.43,13
957,1618,1789.29,101.09,13
958,1621,696.92,18.31,13
959,1622,2119.62,46.51,13
960,1623,2797.1,120.52,13
961,1626,1238.41,94.49,13
962,1627,2266.85,169.28,13
963,1628,2588.54,105.42,13
964,1629,714.73,56.58,13
965,1633,1967.52,88.35,13
966,1635,2049.25,83.89,13
967,1636,983.46,60.4,13
968,1637,1081.74,48.38,13
969,1638,1499.04,31.7,13
970,1639,1236.4,40.22,13
971,1640,2508.77,177.7,13
972,1641,2956.54,74.68,13
973,1642,1494.05,71.21,13
974,1649,2062.66,143.02,13
975,1650,661.27,44.84,13
976,1651,2870.56,104.86,13
977,1653,1959.95,119.76,13
978,1654,1365.25,29.31,13
979,1655,1163.72,90.55,13
980,1657,1801.84,40.28,13
981,1660,2002.62,70.99,13
982,1662,2449.15,79.03,13
983,1664,586.35,33.48,13
984,1665,2664.06,121.9,13
985,1668,2382.15,185.71,13
986,1669,1680.12,36.21,13
987,1671,2502.1,147.19,13
988,1672,2824.55,72.6,13
989,1673,1028.18,55.51,13
990,1675,1109.69,85.47,13
991,1676,1294.58,103.31,13
992,1677,1881.02,78.4,13
993,1679,2955.89,212.14,13
994,1684,2423.25,180.79,13
995,1685,2709.5,123.71,13
996,1688,1029.62,77.65,13
997,1690,1410.14,63.27,13
998,1691,1733.9,76.29,13
999,1693,519.68,29.73,13
1000,1694,1680.87,95.43,13
1001,1696,1070.99,84.58,13
1002,1697,807.18,51.58,13
1003,1698,705.8,29.93,13
1004,1699,918.92,59.97,13
1005,1710,758.83,51.3,13
1006,1712,2581.54,136.92,13
1007,1713,2024.73,61.53,13
1008,1714,821.46,30.5,13
1009,1715,2531.91,65.34,13
1010,1716,825.43,40.69,13
1011,1717,1578.36,92.42,13
1012,1724,2291.6,75.77,13
1013,1725,845.42,24.96,13
1014,1726,1632.49,117.94,13
1015,1728,2365.3,69.81,13
1016,1729,1234.02,98.66,13
1017,1733,1692.04,95.87,13
1018,1734,1663.99,102.83,13
1019,1735,1280.46,46.59,13
1020,1736,1360.46,75.06,13
1021,1738,2228.5,68.97,13
1022,1739,941.48,32.77,13
1023,1740,1247.27,45.05,13
1024,1741,1079.84,68.69,13
1025,1742,2876.36,121.22,13
1026,1747,2805.23,100.51,13
1027,1748,1859.36,50.67,13
1028,1749,1626.17,121.47,13
1029,1750,1365.69,85.76,13
1030,1751,1572.0,47.78,13
1031,1752,987.97,69.12,13
1032,1753,812.28,46.1,13
1033,1754,2815.07,84.17,13
1034,1755,1961.16,54.44,13
1035,1756,929.74,47.54,13
1036,1759,1306.8,59.46,13
1037,1760,628.33,49.57,13
1038,1762,553.33,26.8,13
1039,1763,510.78,25.59,13
1040,1765,590.02,41.08,13
1041,1766,2065.29,41.79,13
1042,1768,2418.27,76.74,13
1043,1769,1148.06,61.87,13
1044,1770,2324.39,114.81,13
1045,1772,2614.68,143.32,13
1046,1773,717.28,15.01,13
1047,1775,1697.98,91.16,13
1048,1779,2474.16,172.44,13
1049,1781,2472.06,151.98,13
1050,1783,1029.19,47.21,13
1051,1784,945.52,28.6,13
1052,1785,511.1,30.12,13
1053,1786,580.27,19.72,13
1054,1788,764.5,31.21,13
1055,1790,871.05,37.35,13
1056,1791,2726.99,146.5,13
1057,1792,2554.6,75.87,13
1058,1794,792.67,32.89,13
1059,1796,2650.29,119.26,13
1060,1797,613.58,47.75,13
1061,1798,2296.56,179.14,13
1062,1799,1201.65,31.93,13
1063,1801,2981.02,220.25,13
1064,1802,1239.24,93.27,13
1065,1804,814.58,33.1,13
1066,1807,764.19,29.78,13
1067,1808,1765.35,90.51,13
1068,1809,2400.18,148.62,13
1069,1813,2150.91,124.16,13
1070,1814,1280.6,97.8,13
1071,1816,2556.66,177.2,13
1072,1821,2743.41,187.08,13
1073,1822,1953.81,90.58,13
1074,1824,611.17,48.34,13
1075,1826,2110.53,136.5,13
1076,1827,1416.26,46.93,13
1077,1831,2833.61,87.2,13
1078,1832,2894.16,188.69,13
1079,1833,1301.33,101.16,13
1080,1836,1119.01,84.77,13
1081,1840,641.18,17.05,13
1082,1841,864.44,64.05,13
1083,1842,2610.2,161.34,13
1084,1845,1141.97,71.45,13
1085,1846,869.87,54.45,13
1086,1847,1951.65,52.8,13
1087,1848,1484.79,64.44,13
1088,1849,799.96,26.7,13
1089,1850,1626.38,58.28,13
1090,1854,645.23,17.44,13
1091,1855,2742.75,95.67,13
1092,1856,1184.26,42.97,13
1093,1857,1368.33,49.16,13
1094,1860,2165.07,122.26,13
1095,1862,1948.19,97.48,13
1096,1865,1625.33,43.51,13
1097,1866,1096.09,60.01,13
1098,1868,2103.66,69.02,13
1099,1869,2284.26,118.85,13
1100,1870,571.55,45.57,13
1101,1872,616.71,44.84,13
1102,1873,514.35,28.39,13
1103,1874,1852.34,104.05,13
1104,1876,2928.7,215.87,13
1105,1877,1676.6,130.05,13
1106,1878,2498.08,93.14,13
1107,1881,620.46,25.33,13
1108,1882,2546.68,137.55,13
1109,1884,551.45,14.84,13
1110,1885,775.65,42.28,13
1111,1886,1439.62,37.25,13
1112,1891,1456.22,47.92,13
1113,1892,1948.05,80.32,13
1114,1893,1832.46,101.95,13
1115,1894,1410.8,99.51,13
1116,1895,2332.31,93.14,13
1117,1898,1655.56,83.78,13
1118,1901,1870.76,119.59,13
1119,1902,2069.31,140.38,13
1120,1908,702.31,33.61,13
1121,1910,1726.32,114.96,13
1122,1911,2346.46,65.03,13
1123,1913,1338.54,69.42,13
1124,1914,2117.06,133.38,13
1125,1916,2344.31,112.06,13
1126,1917,1406.51,36.18,13
1127,1918,2993.72,214.29,13
1128,1919,1158.15,55.7,13
1129,1922,1134.9,67.53,13
1130,1923,2947.12,166.5,13
1131,1925,731.16,29.48,13
1132,1926,1375.16,52.37,13
1133,1928,2945.55,121.27,13
1134,1929,659.42,35.88,13
1135,1931,2612.65,206.87,13
1136,1933,2231.78,123.3,13
1137,1934,1258.8,73.88,13
1138,1935,1928.66,58.24,13
1139,1937,2570.64,116.35,13
1140,1938,2758.16,156.94,13
1141,1946,1509.25,97.47,13
1142,1947,2253.92,159.6,13
1143,1949,2918.41,100.5,13
1144,1952,1984.32,40.76,13
1145,1954,1893.54,49.51,13
1146,1955,1421.92,33.42,13
1147,1956,1876.66,86.58,13
1148,1957,2189.02,125.73,13
1149,1959,757.33,21.47,13
1150,1960,799.41,53.23,13
1151,1961,1015.79,75.64,13
1152,1963,2759.15,55.39,13
1153,1964,2073.09,97.12,13
1154,1966,1762.34,123.84,13
1155,1967,2482.41,114.38,13
1156,1968,2139.21,76.15,13
1157,1969,1630.99,115.34,13
1158,1970,2178.79,172.67,13
1159,1972,1005.63,66.85,13
1160,1973,2069.39,48.52,13
1161,1974,2655.6,162.11,13
1162,1975,2575.02,185.81,13
1163,1976,2335.54,49.1,13
1164,1977,1861.36,123.34,13
1165,1979,1081.12,70.93,13
1166,1980,1237.55,62.4,13
1167,1981,1536.8,118.42,13
1168,1983,1651.86,52.2,13
1169,1984,1772.64,93.2,13
1170,1986,1446.74,77.78,13
1171,1987,875.28,54.46,13
1172,1989,1409.61,72.25,13
1173,1991,985.27,55.86,13
1174,1993,831.43,21.42,13
1175,1995,2453.65,55.9,13
1176,1996,1779.74,128.43,13
1177,1997,2251.96,166.36,13
1178,1999,1157.14,79.55,13
1179,2004,759.61,40.08,13
1180,2007,2637.2,65.08,13
1181,2008,680.97,50.45,13
1182,2009,2243.36,90.88,13
1183,2010,1683.62,77.81,13
1184,2011,1954.79,122.53,13
1185,2012,1004.08,47.27,13
1186,2013,1713.77,111.37,13
1187,2014,1262.68,53.04,13
1188,2017,2948.78,137.6,13
1189,2018,2948.73,202.32,13
1190,2020,2986.11,68.2,13
1191,2021,1231.38,37.8,13
1192,2022,2899.1,73.91,13
1193,2024,2970.12,177.39,13
1194,2025,2498.57,193.31,13
1195,2026,711.18,39.8,13
1196,2029,663.6,16.01,13
1197,2030,2971.64,88.26,13
1198,2032,2483.83,141.41,13
1199,2034,638.87,43.9,13
1200,2035,1141.66,26.08,13
1201,2038,2432.75,121.44,13
1202,2042,694.48,39.41,13
1203,2043,2889.38,190.58,13
1204,2044,620.13,24.74,13
1205,2046,1963.5,136.82,13
1206,2048,1501.26,61.23,13
1207,2049,1870.77,104.45,13
1208,2050,2214.11,68.4,13
1209,2051,2265.05,117.23,13
1210,2055,1351.34,44.42,13
1211,2056,1822.01,95.95,13
1212,2058,2993.38,167.37,13
1213,2060,1656.63,112.09,13
1214,2061,1033.35,42.52,13
1215,2062,910.49,49.17,13
1216,2063,1090.08,26.57,13
1217,2066,1091.14,51.52,13
1218,2067,2201.07,159.07,13
1219,2068,690.55,15.22,13
1220,2069,2197.6,105.33,13
1221,2071,895.34,26.68,13
1222,2073,1177.56,64.03,13
1223,2074,1635.25,111.62,13
1224,2076,1813.14,121.68,13
1225,2077,2048.2,148.13,13
1226,2078,2926.6,72.65,13
1227,2079,795.13,33.46,13
1228,2080,2357.35,60.31,13
1229,2081,2294.75,111.94,13
1230,2082,2473.25,62.13,13
1231,2083,1837.69,85.34,13
1232,2086,2415.27,78.96,13
1233,2088,1417.3,106.91,13
1234,2090,1337.65,72.59,13
1235,2091,1020.0,30.97,13
1236,2095,2651.78,87.68,13
1237,2098,565.98,40.28,13
1238,2100,1500.83,65.6,13
1239,2101,1697.19,132.57,13
1240,2103,2541.83,64.14,13
1241,2107,895.5,68.14,13
1242,2108,709.64,49.98,13
1243,2109,2795.39,109.66,13
1244,2110,2056.02,78.55,13
1245,2112,527.25,11.71,13
1246,2113,1364.3,83.33,13
1247,2114,832.78,65.08,13
1248,2115,2423.89,140.77,13
1249,2116,1673.7,127.71,13
1250,2121,1075.11,54.1,13
1251,2122,2751.96,99.48,13
1252,2123,2671.25,211.51,13
1253,2124,2614.7,94.42,13
1254,2126,2125.49,51.4,13
1255,2127,2373.98,82.25,13
1256,2128,1310.82,52.46,13
1257,2129,812.78,23.19,13
1258,2130,2042.67,125.02,13
1259,2131,2900.37,109.68,13
1260,2132,697.26,54.61,13
1261,2135,1884.19,96.52,13
1262,2137,1914.7,55.76,13
1263,2139,598.96,37.76,13
1264,2143,2788.99,154.87,13
1265,2144,2496.81,172.39,13
1266,2145,1826.24,112.87,13
1267,2146,911.59,56.93,13
1268,2147,650.91,49.35,13
1269,2149,2971.1,145.14,13
1270,2150,2227.01,83.78,13
1271,2152,2164.33,120.9,13
1272,2153,2326.81,66.24,13
1273,2154,1331.04,41.71,13
1274,2155,1345.25,47.28,13
1275,2157,1146.13,52.46,13
1276,2158,653.84,31.73,13
1277,2159,1586.69,59.39,13
1278,2160,715.76,36.43,13
1279,2161,685.1,43.59,13
1280,2163,2888.39,178.71,13
1281,2164,2724.35,111.21,13
1282,2165,1067.75,27.81,13
1283,2171,1310.93,91.21,13
1284,2172,885.33,61.47,13
1285,2173,2496.15,51.98,13
1286,2177,897.45,71.0,13
1287,2178,2454.28,133.99,13
1288,2180,2483.29,172.79,13
1289,2182,2277.67,101.08,13
1290,2183,1946.24,40.62,13
1291,2184,2081.07,84.14,13
1292,2187,1361.21,105.23,13
1293,2189,936.7,30.61,13
1294,2191,1136.47,87.27,13
1295,2192,2572.41,195.42,13
1296,2193,1612.92,76.82,13
1297,2194,2780.52,173.3,13
1298,2196,2947.87,215.76,13
1299,2198,958.01,54.83,13
1300,2200,2861.25,155.1,13
1301,2203,2335.47,118.54,13
1302,2204,2827.61,142.71,13
1303,2205,2845.87,188.79,13
1304,2206,1396.95,50.17,13
1305,2208,2392.8,122.9,13
1306,2210,2419.28,120.88,13
1307,2211,515.87,26.17,13
1308,2214,2537.01,166.34,13
1309,2216,2245.32,98.87,13
1310,2217,901.49,50.03,13
1311,2219,2079.71,114.26,13
1312,2221,1808.75,109.35,13
1313,2222,1694.22,74.93,13
1314,2223,528.67,30.34,13
1315,2225,1677.37,98.07,13
1316,2226,756.19,29.39,13
1317,2228,2417.91,177.49,13
1318,2229,1668.17,127.91,13
1319,2230,2553.54,121.05,13
1320,2231,1340.32,89.42,13
1321,2232,1520.31,64.62,13
1322,2234,2568.29,83.11,13
1323,2235,1444.78,49.4,13
1324,2236,2958.25,79.32,13
1325,2239,2527.16,200.74,13
1326,2240,677.17,33.62,13
1327,2241,1734.82,85.77,13
1328,2242,1516.92,52.91,13
1329,2244,1311.62,27.02,13
1330,2246,2145.06,146.36,13
1331,2247,1007.78,27.24,13
1332,2248,2167.37,52.14,13
1333,2249,712.1,45.92,13
1334,2250,704.16,33.24,13
1335,2251,1145.52,61.41,13
1336,2254,741.19,40.97,13
1337,2257,1751.62,54.59,13
1338,2258,1143.88,78.04,13
1339,2259,1156.62,77.24,13
1340,2261,562.69,28.07,13
1341,2262,1653.36,96.93,13
1342,2263,1173.06,37.05,13
1343,2265,1186.28,71.9,13
1344,2267,930.59,53.48,13
1345,2268,1296.01,87.58,13
1346,2269,1514.23,85.39,13
1347,2270,2655.04,130.17,13
1348,2272,872.81,58.5,13
1349,2276,1594.19,34.32,13
1350,2279,2569.43,98.03,13
1351,2281,1955.42,150.1,13
1352,2283,930.97,68.53,13
1353,2284,1002.82,50.96,13
1354,2286,2642.52,132.38,13
1355,2288,1196.26,90.92,13
1356,2289,1793.83,81.07,13
1357,2290,1446.34,113.06,13
1358,2292,2742.02,72.74,13
1359,2296,638.08,23.72,13
1360,2297,1365.54,100.7,13
1361,2299,2734.88,57.63,13
1362,2301,1849.67,125.72,13
1363,2302,2208.64,63.59,13
1364,2304,2204.83,66.89,13
1365,2305,521.41,30.38,13
1366,2307,2064.67,93.56,13
1367,2309,2024.05,58.6,13
1368,2311,1785.05,46.79,13
1369,2313,2878.37,199.11,13
1370,2318,916.05,26.22,13
1371,2319,845.47,20.53,13
1372,2321,644.75,21.18,13
1373,2322,2110.69,52.53,13
1374,2324,1987.17,104.36,13
1375,2327,2214.41,69.74,13
1376,2328,2848.59,108.43,13
1377,2331,1959.26,91.46,13
1378,2332,2268.03,149.61,13
1379,2333,866.77,64.96,13
1380,2334,2107.93,98.58,13
1381,2336,2862.4,204.16,13
1382,2337,1149.91,68.67,13
1383,2339,828.07,40.31,13
1384,2349,937.76,38.07,13
1385,2351,579.61,28.69,13
1386,2352,2514.57,148.02,13
1387,2353,2458.23,113.76,13
1388,2354,1055.79,67.63,13
1389,2358,511.08,30.1,13
1390,2359,504.92,38.91,13
1391,2360,2887.31,187.1,13
1392,2361,2401.13,185.51,13
1393,2362,1797.02,133.5,13
1394,2366,2601.21,87.34,13
1395,2367,1055.96,34.54,13
1396,2369,593.19,20.64,13
1397,2372,2901.88,194.08,13
1398,2373,1592.05,101.71,13
1399,2375,2405.15,185.48,13
1400,2376,2847.78,208.37,13
1401,2377,2357.84,174.69,13
1402,2378,2079.96,60.91,13
1403,2379,2698.24,183.09,13
1404,2380,899.74,53.46,13
1405,2382,789.6,37.11,13
1406,2383,2933.81,85.3,13
1407,2384,2627.72,161.86,13
1408,2386,1615.52,94.16,13
1409,2387,1478.64,70.35,13
1410,2388,1119.49,29.9,13
1411,2390,1259.16,47.63,13
1412,2394,606.14,37.92,13
1413,2397,1729.16,127.56,13
1414,2399,1087.61,74.62,13
1415,2402,838.87,50.73,13
1416,2405,1036.01,39.53,13
1417,2407,2934.0,195.89,13
1418,2410,2522.36,143.83,13
1419,2411,2443.24,82.55,13
1420,2414,1422.94,46.03,13
1421,2416,2339.14,62.13,13
1422,2418,2489.99,54.11,13
1423,2420,1787.15,127.76,13
1424,2422,2427.89,127.38,13
1425,2424,2972.43,141.93,13
1426,2425,943.54,51.89,13
1427,2427,597.49,33.12,13
1428,2429,2503.39,149.62,13
1429,2431,2685.56,68.88,13
1430,2432,946.3,34.62,13
1431,2433,1649.96,74.06,13
1432,2434,600.78,20.04,13
1433,2435,1468.77,35.32,13
1434,2436,1143.59,49.83,13
1435,2437,2122.58,131.41,13
1436,2442,1185.21,28.27,13
1437,2443,704.64,18.57,13
1438,2444,916.19,61.1,13
1439,2445,1335.6,63.52,13
1440,2446,756.19,38.0,13
1441,2447,1735.82,69.86,13
1442,2448,2635.69,55.32,13
1443,2449,2329.32,176.21,13
1444,2451,2228.24,155.72,13
1445,2452,2218.11,156.5,13
1446,2453,2446.45,156.04,13
1447,2456,2663.2,165.29,13
1448,2457,669.47,28.9,13
1449,2459,896.72,42.79,13
1450,2462,1662.81,79.76,13
1451,2464,1187.78,25.65,13
1452,2465,2812.13,216.98,13
1453,2467,2766.02,102.86,13
1454,2469,1452.46,75.96,13
1455,2470,2116.84,163.56,13
1456,2472,1724.36,78.68,13
1457,2473,2942.79,198.1,13
1458,2475,2408.21,117.56,13
1459,2476,2421.32,95.73,13
1460,2478,2785.19,221.06,13
1461,2480,532.12,11.66,13
1462,2482,1091.14,79.26,13
1463,2484,2951.03,188.71,13
1464,2485,2098.42,50.87,13
1465,2486,2197.16,50.23,13
1466,2488,641.38,32.65,13
1467,2490,2185.14,64.8,13
1468,2492,1227.75,51.75,13
1469,2494,2920.21,193.09,13
1470,2497,2784.12,174.12,13
1471,2499,2492.65,171.96,13
1472,2501,2539.02,120.19,13
1473,2502,2813.52,150.48,13
1474,2503,2426.77,157.11,13
1475,2504,514.35,34.11,13
1476,2505,1680.96,95.07,13
1477,2506,913.25,43.07,13
1478,2507,1902.0,74.23,13
1479,2511,574.31,28.45,13
1480,2513,572.7,13.86,13
1481,2514,691.76,53.12,13
1482,2517,2495.05,194.21,13
1483,2519,1585.82,38.85,13
1484,2520,2758.65,83.54,13
1485,2525,1548.23,105.0,13
1486,2528,1718.19,53.26,13
1487,2529,2708.39,135.43,13
1488,2530,2736.47,197.08,13
1489,2531,2242.87,52.71,13
1490,2532,965.5,51.9,13
1491,2533,891.62,58.59,13
1492,2534,1229.08,92.0,13
1493,2535,1547.27,115.58,13
1494,2537,565.01,44.24,13
1495,2538,1991.85,71.69,13
1496,2540,2979.9,122.23,13
1497,2541,1539.68,113.06,13
1498,2542,2506.07,129.88,13
1499,2543,2132.52,133.88,13
1500,2545,2036.75,162.84,13
1501,2546,1226.42,48.54,13
1502,2548,2304.34,83.67,13
1503,2550,1124.35,57.08,13
1504,2551,1924.95,43.03,13
1505,2553,2384.48,97.33,13
1506,2555,1035.26,36.37,13
1507,2557,2589.15,108.26,13
1508,2558,1631.98,112.34,13
1509,2560,847.98,66.08,13
1510,2561,2463.49,146.6,13
1511,2562,821.9,25.05,13
1512,2568,1687.27,71.49,13
1513,2571,1414.32,55.0,13
1514,2572,2202.38,103.9,13
1515,2573,831.28,29.16,13
1516,2574,2916.93,84.33,13
1517,2576,1712.36,53.9,13
1518,2577,1609.52,118.52,13
1519,2578,1858.68,81.86,13
1520,2579,2386.93,136.75,13
1521,2580,2022.21,110.62,13
1522,2582,1021.56,64.58,13
1523,2583,2907.11,77.57,13
1524,2584,1832.02,60.55,13
1525,2585,2086.05,138.04,13
1526,2586,563.45,35.54,13
1527,2587,2782.16,157.71,13
1528,2588,548.32,38.23,13
1529,2590,1251.88,98.72,13
1530,2591,949.01,26.2,13
1531,2592,1320.04,58.2,13
1532,2594,1983.43,155.76,13
1533,2596,1719.01,65.33,13
1534,2598,1515.33,68.09,13
1535,2599,1850.81,42.15,13
1536,2600,1479.16,32.54,13
1537,2601,2864.11,202.77,13
1538,2602,2176.42,57.23,13
1539,2603,978.65,45.26,13
1540,2604,2673.95,194.68,13
1541,2605,2183.35,78.09,13
1542,2606,2810.72,69.1,13
1543,2608,1979.16,86.74,13
1544,2610,625.36,32.6,13
1545,2612,2992.49,150.64,13
1546,2613,2719.28,150.72,13
1547,2618,1548.13,89.94,13
1548,2620,762.22,40.36,13
1549,2622,1613.47,94.61,13
1550,2624,951.73,46.14,13
1551,2625,1772.15,69.78,13
1552,2626,1212.94,58.97,13
1553,2628,599.15,39.66,13
1554,2631,1768.79,55.63,13
1555,2632,1433.12,64.28,13
1556,2638,2935.28,71.2,13
1557,2640,875.84,41.37,13
1558,2643,2860.09,122.89,13
1559,2644,2719.37,156.2,13
1560,2645,1849.58,128.24,13
1561,2646,2967.72,164.04,13
1562,2647,1895.65,66.9,13
1563,2648,754.85,47.66,13
1564,2652,2938.63,129.62,13
1565,2653,2447.64,175.56,13
1566,2654,1336.83,82.44,13
1567,2655,1788.1,57.4,13
1568,2657,722.24,39.64,13
1569,2659,1214.07,47.93,13
1570,2660,911.47,62.04,13
1571,2662,519.96,39.64,13
1572,2663,1586.93,51.51,13
1573,2664,1621.15,100.3,13
1574,2665,1918.49,40.84,13
1575,2668,548.96,40.49,13
1576,2670,2622.7,125.86,13
1577,2671,2293.82,159.42,13
1578,2673,2062.37,128.38,13
1579,2675,2934.71,226.57,13
1580,2678,869.3,55.58,13
1581,2681,656.07,16.47,13
1582,2682,2691.65,72.64,13
1583,2684,1641.26,130.0,13
1584,2686,1702.87,132.04,13
1585,2687,1487.83,64.96,13
1586,2688,918.05,25.87,13
1587,2690,1826.3,48.51,13
1588,2693,2205.38,59.4,13
1589,2694,2794.71,105.14,13
1590,2695,1848.07,69.79,13
1591,2696,1438.14,78.34,13
1592,2697,1308.6,61.96,13
1593,2700,830.07,26.81,13
1594,2701,1297.14,79.07,13
1595,2702,1746.66,53.07,13
1596,2704,2096.06,147.53,13
1597,2706,1371.09,51.95,13
1598,2707,1902.82,122.17,13
1599,2709,1944.24,60.7,13
1600,2712,2681.0,84.61,13
1601,2714,1482.81,43.83,13
1602,2715,2239.47,170.94,13
1603,2717,2717.78,114.1,13
1604,2718,2166.0,45.5,13
1605,2719,2144.28,129.19,13
1606,2720,702.36,53.0,13
1607,2721,1974.27,54.79,13
1608,2722,2752.15,150.27,13
1609,2723,518.88,34.47,13
1610,2724,1178.94,75.24,13
1611,2725,2479.01,142.33,13
1612,2726,1140.47,69.2,13
1613,2727,750.58,29.11,13
1614,2729,842.06,49.17,13
1615,2730,1863.2,90.51,13
1616,2732,2593.32,150.7,13
1617,2733,1220.08,34.02,13
1618,2734,2794.38,190.77,13
1619,2735,1215.75,63.8,13
1620,2737,702.15,51.87,13
1621,2738,1878.08,72.91,13
1622,2739,2194.28,87.48,13
1623,2740,2261.31,97.3,13
1624,2741,913.49,21.29,13
1625,2743,1165.69,79.71,13
1626,2744,544.22,42.34,13
1627,2745,1037.03,66.29,13
1628,2749,1933.45,42.49,13
1629,2752,1790.88,88.74,13
1630,2754,1811.15,120.72,13
1631,2759,2715.88,198.59,13
1632,2760,2691.28,156.47,13
1633,2761,1661.61,35.55,13
1634,2762,988.46,20.2,13
1635,2764,1655.37,57.8,13
1636,2765,1357.15,71.62,13
1637,2766,2324.46,76.61,13
1638,2767,2241.89,97.92,13
1639,2770,1564.07,104.89,13
1640,2771,1027.27,35.07,13
1641,2775,507.1,18.05,13
1642,2777,1706.87,129.12,13
1643,2779,640.49,35.95,13
1644,2780,1237.85,91.28,13
1645,2781,2237.82,53.04,13
1646,2782,762.8,17.25,13
1647,2785,2389.04,78.8,13
1648,2786,2408.76,132.57,13
1649,2787,1952.31,143.88,13
1650,2788,1135.42,67.92,13
1651,2791,1822.55,89.02,13
1652,2793,2167.37,94.36,13
1653,2794,2176.66,63.84,13
1654,2795,2623.81,121.72,13
1655,2796,1668.9,70.05,13
1656,2797,2420.41,91.0,13
1657,2799,1735.65,70.25,13
1658,2800,1025.47,69.96,13
1659,2801,1519.54,70.62,13
1660,2803,967.57,68.56,13
1661,2804,1463.45,83.1,13
1662,2806,1773.0,46.34,13
1663,2807,1868.77,45.87,13
1664,2808,2366.79,151.17,13
1665,2811,1746.85,100.22,13
1666,2812,1133.62,42.39,13
1667,2813,1458.13,113.62,13
1668,2814,2386.01,190.12,13
1669,2816,1378.03,45.59,13
1670,2817,2079.28,155.47,13
1671,2820,2683.2,169.11,13
1672,2821,2941.2,121.65,13
1673,2822,2706.2,124.12,13
1674,2823,2809.47,162.29,13
1675,2824,2919.06,167.32,13
1676,2826,2091.95,111.4,13
1677,2827,2088.41,121.99,13
1678,2837,2660.39,203.96,13
1679,2838,2276.89,101.31,13
1680,2839,786.15,16.72,13
1681,2840,1292.11,31.93,13
1682,2842,2430.61,101.67,13
1683,2843,1734.32,65.8,13
1684,2844,1862.52,100.1,13
1685,2845,2388.05,172.84,13
1686,2847,1887.02,106.6,13
1687,2848,679.77,34.1,13
1688,2850,2759.69,191.58,13
1689,2853,2104.34,87.05,13
1690,2854,2120.35,75.59,13
1691,2855,621.41,36.25,13
1692,2858,2420.62,118.34,13
1693,2860,1116.93,73.53,13
1694,2869,2335.65,143.75,13
1695,2871,2265.69,49.69,13
1696,2873,1116.05,45.09,13
1697,2874,2058.63,58.48,13
1698,2876,589.33,46.5,13
1699,2878,1909.22,132.51,13
1700,2879,1524.28,53.47,13
1701,2883,2437.84,60.26,13
1702,2884,2135.1,150.37,13
1703,2885,2427.16,58.25,13
1704,2886,2229.75,146.53,13
1705,2890,1737.34,132.69,13
1706,2891,549.99,21.54,13
1707,2893,973.89,51.45,13
1708,2894,737.8,30.65,13
1709,2896,2826.86,154.94,13
1710,2897,2557.71,87.37,13
1711,2901,515.75,38.12,13
1712,2902,2378.03,116.45,13
1713,2905,824.74,45.56,13
1714,2906,1870.82,49.84,13
1715,2907,2694.21,200.12,13
1716,2910,2125.15,141.79,13
1717,2914,1829.94,64.07,13
1718,2917,1323.14,50.38,13
1719,2918,904.04,57.12,13
1720,2921,1885.02,43.85,13
1721,2924,942.1,52.23,13
1722,2927,2755.68,113.13,13
1723,2930,1513.96,74.68,13
1724,2932,2586.01,183.72,13
1725,2934,1539.71,97.66,13
1726,2935,2585.8,127.73,13
1727,2936,2175.6,76.95,13
1728,2937,2688.45,214.64,13
1729,2939,1072.68,84.75,13
1730,2940,2220.85,119.77,13
1731,2941,2944.09,233.0,13
1732,2942,2046.71,103.53,13
1733,2946,903.29,36.09,13
1734,2949,960.61,75.32,13
1735,2950,1614.86,95.38,13
1736,2952,1075.14,37.94,13
1737,2954,1692.02,34.81,13
1738,2955,1735.27,106.2,13
1739,2956,1337.42,39.8,13
1740,2963,1263.47,73.32,13
1741,2964,2926.66,81.86,13
1742,2966,1065.23,74.2,13
1743,2967,1027.03,39.13,13
1744,2970,582.2,13.54,13
1745,2971,2158.28,96.44,13
1746,2972,1507.3,67.72,13
1747,2973,2388.68,106.12,13
1748,2974,1438.14,82.5,13
1749,2975,677.26,36.99,13
1750,2976,2687.71,191.15,13
1751,2977,1049.63,61.5,13
1752,2978,2503.29,159.07,13
1753,2979,904.03,39.23,13
1754,2980,1729.0,67.28,13
1755,2981,2720.64,142.83,13
1756,2982,2118.3,109.14,13
1757,2983,1493.9,67.42,13
1758,2984,2533.82,78.77,13
1759,2985,586.72,14.61,13
1760,2986,2329.07,99.56,13
1761,2987,2013.98,96.4,13
1762,2988,1390.6,110.11,13
1763,2990,2810.81,213.4,13
1764,2991,579.02,41.85,13
1765,2992,1175.66,58.36,13
1766,2993,2943.07,222.77,13
1767,2994,2210.69,150.7,13
1768,2998,2508.52,102.61,13
1769,2999,1120.68,85.35,13
1770,3000,2553.84,84.2,13
1771,3001,2001.49,90.7,13
1772,3002,1336.64,69.39,13
1773,3003,2881.59,94.57,13
1774,3004,2556.11,97.03,13
1775,3005,1355.36,61.82,13
1776,3006,2348.92,98.28,13
1777,3008,1182.9,88.62,13
1778,3010,2803.19,99.5,13
1779,3011,1714.4,93.95,13
1780,3012,2329.95,155.03,13
1781,3013,874.32,52.75,13
1782,3015,1215.66,67.74,13
1783,3022,1061.73,69.68,13
1784,3023,1476.97,87.97,13
1785,3024,2224.57,162.72,13
1786,3025,2549.36,131.17,13
1787,3026,1814.39,85.32,13
1788,3027,1643.78,85.33,13
1789,3029,1133.14,79.58,13
1790,3032,2007.06,153.59,13
1791,3034,2406.41,147.25,13
1792,3036,2300.2,122.75,13
1793,3037,2880.9,61.24,13
1794,3039,661.47,45.22,13
1795,3041,2294.48,142.02,13
1796,3042,1295.95,87.23,13
1797,3045,1476.19,57.11,13
1798,3046,1609.72,34.94,13
1799,3047,2963.58,207.69,13
1800,3048,1322.67,93.32,13
1801,3050,2443.17,80.92,13
1802,3051,1898.97,43.61,13
1803,3052,1632.22,59.68,13
1804,3054,2952.34,65.61,13
1805,3055,2670.75,202.26,13
1806,3056,591.25,38.71,13
1807,3059,1396.92,83.89,13
1808,3060,2315.25,179.05,13
1809,3061,946.74,62.94,13
1810,3062,2130.85,49.34,13
1811,3063,1884.02,87.13,13
1812,3065,2189.97,60.79,13
1813,3066,2563.71,120.33,13
1814,3067,1032.31,37.91,13
1815,3068,2586.24,93.76,13
1816,3070,1055.54,43.9,13
1817,3072,1831.99,136.73,13
1818,3073,2057.48,50.86,13
1819,3075,2915.09,224.66,13
1820,3077,2976.74,73.91,13
1821,3078,1923.72,42.51,13
1822,3082,1479.69,70.78,13
1823,3083,848.09,30.72,13
1824,3085,722.91,25.12,13
1825,3087,2710.84,131.35,13
1826,3089,2738.41,125.82,13
1827,3091,1743.74,73.98,13
1828,3092,1732.22,39.29,13
1829,3094,1137.44,30.79,13
1830,3095,2024.7,102.99,13
1831,3100,610.36,28.12,13
1832,3101,1346.41,101.09,13
1833,3102,2948.96,136.74,13
1834,3104,842.84,48.11,13
1835,3108,2103.59,159.72,13
1836,3110,1021.36,43.6,13
1837,3111,2461.6,185.92,13
1838,3113,779.09,32.93,13
1839,3114,2105.24,167.73,13
1840,3120,1623.55,83.56,13
1841,3122,1668.27,88.4,13
1842,3123,2700.78,57.47,13
1843,3124,1508.12,40.68,13
1844,3125,1128.34,50.58,13
1845,3126,1444.6,66.52,13
1846,3127,1463.69,95.43,13
1847,3128,2938.38,156.07,13
1848,3130,2047.53,138.78,13
1849,3133,645.29,23.91,13
1850,3135,1077.27,59.97,13
1851,3137,2537.67,188.35,13
1852,3138,1842.78,99.08,13
1853,3140,2307.59,172.9,13
1854,3141,1079.37,43.29,13
1855,3142,2254.0,154.87,13
1856,3147,517.1,15.89,13
1857,3148,2582.25,147.86,13
1858,3151,1022.82,21.35,13
1859,3152,2708.49,197.56,13
1860,3156,2310.24,111.7,13
1861,3157,2096.28,158.29,13
1862,3158,1064.63,31.22,13
1863,3159,2682.66,119.89,13
1864,3160,1280.36,44.01,13
1865,3163,718.88,38.05,13
1866,3166,1124.36,35.82,13
1867,3167,1584.28,75.03,13
1868,3171,1247.94,95.5,13
1869,3172,2183.06,53.69,13
1870,3173,1412.01,104.67,13
1871,3174,2174.04,85.17,13
1872,3175,778.02,19.05,13
1873,3176,2889.19,162.21,13
1874,3178,2875.16,194.33,13
1875,3179,2826.88,67.31,13
1876,3182,2778.82,112.76,13
1877,3185,2123.85,47.82,13
1878,3187,2199.71,123.08,13
1879,3188,687.61,14.05,13
1880,3189,869.8,59.01,13
1881,3194,2350.93,120.2,13
1882,3196,2725.54,105.04,13
1883,3197,1772.38,92.45,13
1884,3198,2850.66,99.84,13
1885,3199,1714.4,48.55,13
1886,3200,1250.22,85.57,13
1887,3201,1872.33,90.87,13
1888,3202,888.24,48.88,13
1889,3203,2100.44,52.29,13
1890,3205,2781.93,155.32,13
1891,3206,1230.4,42.33,13
1892,3207,2423.16,150.82,13
1893,3208,2889.41,225.84,13
1894,3210,2368.62,69.05,13
1895,3212,615.16,34.7,13
1896,3213,765.96,57.46,13
1897,3215,1900.88,70.14,13
1898,3216,1870.41,126.43,13
1899,3217,1579.79,95.38,13
1900,3218,1537.55,94.39,13
1901,3221,967.42,74.9,13
1902,3222,2671.93,101.76,13
1903,3224,2482.73,131.0,13
1904,3225,2873.03,176.15,13
1905,3227,2306.01,119.05,13
1906,3229,1980.77,60.89,13
1907,3230,1361.31,36.68,13
1908,3231,902.64,63.49,13
1909,3233,879.97,59.53,13
1910,3234,565.36,12.73,13
1911,3236,561.57,23.52,13
1912,3237,560.15,39.54,13
1913,3238,2108.03,116.39,13
1914,3239,2999.73,145.44,13
1915,3242,624.24,23.08,13
1916,3243,554.64,28.52,13
1917,3244,1857.58,86.33,13
1918,3246,902.66,65.27,13
1919,3247,1135.81,30.6,13
1920,3248,980.04,52.06,13
1921,3249,937.52,70.63,13
1922,3250,1700.8,82.65,13
1923,3251,1096.77,36.05,13
1924,3252,995.77,67.99,13
1925,3254,1671.12,100.52,13
1926,3257,2743.44,202.01,13
1927,3260,918.38,73.21,13
1928,3262,1451.35,56.16,13
1929,3263,1199.11,82.16,13
1930,3264,2774.95,174.57,13
1931,3266,878.08,33.76,13
1932,3267,1288.43,82.14,13
1933,3271,1076.44,39.11,13
1934,3272,2751.04,62.3,13
1935,3275,2443.59,122.31,13
1936,3276,1783.79,73.12,13
1937,3277,2636.58,120.73,13
1938,3279,2595.61,155.25,13
1939,3281,1992.46,113.04,13
1940,3286,989.57,32.48,13
1941,3287,2973.38,169.17,13
1942,3288,1825.9,117.71,13
1943,3290,2439.34,98.7,13
1944,3294,1828.46,77.62,13
1945,3295,1242.77,61.84,13
1946,3299,1985.13,47.48,13
1947,3303,690.04,21.62,13
1948,3304,2845.42,73.88,13
1949,3305,2073.56,47.02,13
1950,3307,1633.57,121.33,13
1951,3309,513.85,35.61,13
1952,3314,577.94,36.71,13
1953,3318,1103.99,77.22,13
1954,3320,937.75,39.47,13
1955,3321,2402.95,170.58,13
1956,3324,754.33,59.53,13
1957,3325,2960.83,205.78,13
1958,3326,2489.63,189.51,13
1959,3327,2997.93,221.42,13
1960,3329,836.81,45.55,13
1961,3330,2271.86,162.2,13
1962,3331,1069.92,23.86,13
1963,3332,863.45,41.77,13
1964,3334,2177.44,120.8,13
1965,3335,2112.67,166.82,13
1966,3336,1152.96,32.49,13
1967,3337,702.67,37.71,13
1968,3340,1584.55,48.92,13
1969,3342,2679.12,167.57,13
1970,3343,1469.14,49.88,13
1971,3345,1213.64,58.38,13
1972,3346,967.28,56.64,13
1973,3347,2466.63,169.69,13
1974,3351,1364.85,95.16,13
1975,3355,2475.71,170.27,13
1976,3357,2349.37,48.55,13
1977,3358,2058.75,109.76,13
1978,3359,1917.82,143.97,13
1979,3362,1231.8,40.93,13
1980,3365,2936.65,169.86,13
1981,3366,2023.33,68.06,13
1982,3367,1862.41,125.63,13
1983,3369,727.02,19.61,13
1984,3370,1728.94,73.35,13
1985,3371,1843.96,85.22,13
1986,3372,1540.78,50.69,13
1987,3373,2348.71,180.09,13
1988,3374,648.38,21.26,13
1989,3378,1341.64,55.37,13
1990,3380,1072.99,30.83,13
1991,3382,2810.58,69.73,13
1992,3385,1317.72,67.1,13
1993,3387,1064.34,74.31,13
1994,3388,1711.38,65.81,13
1995,3389,1358.07,38.77,13
1996,3390,2536.86,175.07,13
1997,3391,2779.82,174.72,13
1998,3393,943.03,30.7,13
1999,3395,1057.3,30.97,13
2000,3396,651.37,36.85,13
2001,3397,2703.6,131.44,13
2002,3399,1449.38,58.8,13
2003,3400,951.39,39.96,13
2004,3402,2302.88,80.3,13
2005,3403,748.56,30.88,13
2006,3404,1840.87,39.45,13
2007,3405,2204.25,56.37,13
2008,3406,1790.51,112.13,13
2009,3407,1720.19,114.31,13
2010,3408,1945.51,107.35,13
2011,3409,1200.19,95.47,13
2012,3410,2861.99,167.37,13
2013,3415,2399.09,106.49,13
2014,3419,1041.52,37.12,13
2015,3420,2309.6,111.61,13
2016,3421,2419.01,95.13,13
2017,3424,1226.98,64.99,13
2018,3426,2696.31,111.11,13
2019,3430,1625.23,57.05,13
2020,3431,2378.8,139.71,13
2021,3433,2603.56,116.76,13
2022,3434,2085.6,129.65,13
2023,3436,500.26,32.74,13
2024,3439,1292.76,60.96,13
2025,3440,1372.43,100.72,13
2026,3444,1573.57,49.44,13
2027,3445,2579.28,175.08,13
2028,3446,2617.12,83.94,13
2029,3448,780.61,20.21,13
2030,3449,632.59,14.93,13
2031,3452,1015.31,21.57,13
2032,3453,2377.59,124.49,13
2033,3455,1099.32,25.26,13
2034,3456,2219.98,169.95,13
2035,3457,1692.65,103.22,13
2036,3459,1726.25,68.26,13
2037,3460,1500.12,76.83,13
2038,3461,917.47,64.21,13
2039,3462,2511.82,167.87,13
2040,3466,2774.46,157.54,13
2041,3468,1688.63,113.72,13
2042,3470,2052.24,140.62,13
2043,3471,1473.91,100.25,13
2044,3473,2262.4,101.82,13
2045,3475,702.67,36.21,13
2046,3478,1523.75,74.14,13
2047,3479,1577.83,86.77,13
2048,3480,1598.18,49.84,13
2049,3481,2254.82,132.07,13
2050,3485,2528.35,95.85,13
2051,3486,2342.6,50.24,13
2052,3487,1063.94,35.57,13
2053,3490,2461.86,116.65,13
2054,3491,1587.99,75.61,13
2055,3492,2533.43,87.86,13
2056,3493,2763.83,180.19,13
2057,3494,596.54,28.6,13
2058,3495,2871.43,93.23,13
2059,3496,2428.42,154.55,13
2060,3497,690.57,34.53,13
2061,3500,1546.84,88.68,13
2062,3501,1759.03,83.08,13
2063,3503,1460.09,62.76,13
2064,3505,1693.35,56.21,13
2065,3507,619.67,43.81,13
2066,3510,1247.21,83.37,13
2067,3511,1357.95,108.03,13
2068,3512,1235.4,70.42,13
2069,3513,2394.06,157.48,13
2070,3514,1963.53,139.76,13
2071,3515,2986.08,211.76,13
2072,3516,2637.69,189.55,13
2073,3520,1612.23,118.09,13
2074,3521,1484.21,117.9,13
2075,3522,2118.51,154.5,13
2076,3524,2569.34,86.95,13
2077,3525,1075.75,45.54,13
2078,3526,1507.57,31.82,13
2079,3528,527.94,10.85,13
2080,3529,785.6,24.94,13
2081,3530,2452.07,133.45,13
2082,3531,1648.6,123.59,13
2083,3534,2963.96,173.48,13
2084,3535,2963.24,145.2,13
2085,3537,1756.33,111.64,13
2086,3539,1791.22,75.98,13
2087,3541,1152.43,84.42,13
2088,3542,509.16,37.38,13
2089,3543,861.88,64.08,13
2090,3544,1252.24,88.23,13
2091,3545,2931.07,131.29,13
2092,3546,2247.29,93.41,13
2093,3547,1523.09,47.2,13
2094,3548,2933.79,202.03,13
2095,3549,1045.98,71.91,13
2096,3550,2385.35,72.83,13
2097,3553,563.23,30.79,13
2098,3554,2436.01,178.82,13
2099,3555,1513.05,53.4,13
2100,3556,1619.46,127.17,13
2101,3557,1610.6,113.21,13
2102,3558,2887.6,222.55,13
2103,3562,2531.26,99.52,13
2104,3563,620.19,35.49,13
2105,3564,2620.23,113.47,13
2106,3565,854.19,65.8,13
2107,3566,1985.19,69.63,13
2108,3567,1752.55,123.48,13
2109,3568,1573.54,82.51,13
2110,3569,2699.25,72.53,13
2111,3571,697.97,32.72,13
2112,3572,1504.31,115.06,13
2113,3573,947.29,19.73,13
2114,3575,2250.72,86.6,13
2115,3576,1779.06,50.15,13
2116,3577,951.69,20.72,13
2117,3578,912.98,32.5,13
2118,3579,2260.08,70.42,13
2119,3581,2705.99,57.88,13
2120,3582,2999.72,176.39,13
2121,3583,1131.41,28.04,13
2122,3584,2467.62,98.7,13
2123,3585,1323.36,51.33,13
2124,3586,1473.7,66.23,13
2125,3588,1257.97,70.59,13
2126,3589,2571.33,152.43,13
2127,3590,868.79,65.73,13
2128,3592,2931.83,85.48,13
2129,3595,2748.29,102.25,13
2130,3596,525.05,13.69,13
2131,3597,943.35,47.19,13
2132,3598,1821.37,104.39,13
2133,3599,1999.28,109.92,13
2134,3601,1938.26,125.04,13
2135,3602,1915.36,63.94,13
2136,3604,1144.63,62.62,13
2137,3605,2142.16,71.58,13
2138,3606,1559.75,120.69,13
2139,3607,2900.53,181.61,13
2140,3609,1285.29,97.27,13
2141,3610,751.25,44.07,13
2142,3611,2618.24,149.43,13
2143,3612,977.75,58.93,13
2144,3614,2297.31,115.84,13
2145,3616,2325.47,81.63,13
2146,3617,2592.62,122.09,13
2147,3619,2359.87,112.69,13
2148,3621,1080.05,54.9,13
2149,3623,726.0,43.6,13
2150,3625,2769.28,184.12,13
2151,3626,2214.5,169.24,13
2152,3629,519.9,18.63,13
2153,3630,1013.11,28.84,13
2154,3631,2734.16,168.95,13
2155,3634,1437.87,88.83,13
2156,3637,1714.61,41.18,13
2157,3638,2647.28,195.46,13
2158,3639,1211.81,71.12,13
2159,3640,1287.11,95.07,13
2160,3641,2254.42,56.53,13
2161,3643,2706.48,65.49,13
2162,3646,1065.32,28.71,13
2163,3647,1931.08,56.45,13
2164,3652,621.27,24.63,13
2165,3655,1330.43,57.23,13
2166,3657,1622.37,80.08,13
2167,3658,1477.52,103.71,13
2168,3659,1324.29,35.78,13
2169,3661,984.83,61.64,13
2170,3669,2102.03,115.03,13
2171,3670,1760.96,39.96,13
2172,3671,688.83,23.06,13
2173,3673,2169.06,145.94,13
2174,3674,2120.76,107.85,13
2175,3676,2048.54,64.8,13
2176,3677,1759.62,55.01,13
2177,3678,808.73,44.0,13
2178,3683,1339.76,70.43,13
2179,3684,2301.69,62.53,13
2180,3686,2861.62,138.42,13
2181,3687,2924.0,184.24,13
2182,3688,1602.87,72.37,13
2183,3693,2600.69,206.84,13
2184,3699,812.43,17.98,13
2185,3702,1494.28,39.74,13
2186,3703,1476.59,93.06,13
2187,3707,681.65,54.42,13
2188,3712,521.46,15.7,13
2189,3713,2074.58,81.88,13
2190,3714,1627.41,71.64,13
2191,3716,2912.48,65.78,13
2192,3717,1307.75,68.58,13
2193,3725,625.75,21.54,13
2194,3727,1820.23,141.26,13
2195,3728,1221.45,71.37,13
2196,3729,2724.84,179.96,13
2197,3731,865.15,37.45,13
2198,3733,2089.34,116.52,13
2199,3734,2198.92,61.49,13
2200,3736,2043.75,63.85,13
2201,3737,2428.43,116.31,13
2202,3738,1832.86,135.18,13
2203,3740,549.97,43.0,13
2204,3741,1007.1,43.55,13
2205,3743,1364.16,73.48,13
2206,3744,1383.55,72.56,13
2207,3745,2445.75,186.36,13
2208,3747,759.89,25.43,13
2209,3748,2803.1,79.59,13
2210,3749,2392.84,120.97,13
2211,3750,2112.45,167.13,13
2212,3751,2394.78,108.59,13
2213,3752,943.33,24.37,13
2214,3754,2361.04,155.28,13
2215,3756,1178.89,69.34,13
2216,3757,1376.31,39.56,13
2217,3758,1519.09,37.05,13
2218,3760,2579.93,66.09,13
2219,3761,755.72,55.47,13
2220,3762,1951.41,126.11,13
2221,3763,2850.97,165.5,13
2222,3764,738.34,28.21,13
2223,3766,1617.14,116.3,13
2224,3767,1269.14,43.91,13
2225,3768,2187.45,82.91,13
2226,3769,2810.83,73.52,13
2227,3770,1889.39,146.01,13
2228,3774,2139.99,82.65,13
2229,3775,1184.74,49.62,13
2230,3776,890.93,18.67,13
2231,3777,2780.57,143.85,13
2232,3778,2679.36,122.37,13
2233,3779,1458.52,64.12,13
2234,3782,2176.16,93.51,13
2235,3783,2996.57,66.18,13
2236,3784,2360.15,104.76,13
2237,3786,2709.86,200.3,13
2238,3788,1812.83,139.21,13
2239,3790,1260.79,33.77,13
2240,3791,2706.91,63.37,13
2241,3793,2243.62,75.62,13
2242,3795,1474.83,77.12,13
2243,3796,1262.07,77.48,13
2244,3797,894.23,59.29,13
2245,3798,1793.14,54.77,13
2246,3799,1162.02,37.07,13
2247,3800,1928.16,137.08,13
2248,3805,2872.89,100.4,13
2249,3806,2662.34,147.71,13
2250,3810,845.6,65.02,13
2251,3812,1507.25,85.7,13
2252,3813,550.23,24.08,13
2253,3815,1619.51,122.06,13
2254,3816,1416.02,87.99,13
2255,3819,708.67,50.57,13
2256,3820,1957.49,62.6,13
2257,3823,2379.96,69.9,13
2258,3824,2826.92,87.99,13
2259,3826,1998.9,72.38,13
2260,3827,1249.32,47.25,13
2261,3828,1165.87,43.51,13
2262,3830,1438.02,65.21,13
2263,3832,1509.7,52.5,13
2264,3834,900.51,43.03,13
2265,3835,1467.41,90.06,13
2266,3837,2295.83,55.8,13
2267,3838,2257.83,147.66,13
2268,3839,1209.75,51.5,13
2269,3842,1681.01,82.19,13
2270,3844,2363.27,174.11,13
2271,3845,1774.88,118.84,13
2272,3846,2616.39,157.05,13
2273,3850,2385.17,119.93,13
2274,3851,764.03,28.1,13
2275,3855,2023.16,113.33,13
2276,3856,2976.57,209.77,13
2277,3857,1279.08,91.13,13
2278,3858,1878.57,57.58,13
2279,3859,1504.22,38.23,13
2280,3860,2782.38,148.97,13
2281,3861,2961.25,84.67,13
2282,3864,1165.31,28.32,13
2283,3865,899.29,42.81,13
2284,3867,2790.04,158.87,13
2285,3871,1548.4,60.41,13
2286,3873,1157.09,47.78,13
2287,3874,565.84,27.73,13
2288,3875,2377.36,113.81,13
2289,3876,783.97,60.17,13
2290,3877,846.27,17.77,13
2291,3880,813.76,64.72,13
2292,3881,2420.7,146.25,13
2293,3882,2531.04,132.63,13
2294,3883,1467.8,41.47,13
2295,3884,1236.56,41.49,13
2296,3886,1970.97,41.68,13
2297,3887,2499.45,171.81,13
2298,3888,1878.3,132.11,13
2299,3890,2542.47,58.18,13
2300,3892,2569.14,173.0,13
2301,3898,1890.39,42.83,13
2302,3899,890.97,31.77,13
2303,3900,2896.39,145.5,13
2304,3901,1816.34,92.06,13
2305,3902,2867.25,199.54,13
2306,3903,776.83,34.73,13
2307,3905,2160.88,48.84,13
2308,3909,2696.6,69.09,13
2309,3915,2631.57,183.15,13
2310,3916,775.97,51.16,13
2311,3918,1145.4,74.45,13
2312,3923,1103.25,36.66,13
2313,3925,2098.34,139.33,13
2314,3926,991.8,47.59,13
2315,3927,631.12,23.77,13
2316,3928,2856.55,136.94,13
2317,3930,1352.92,59.18,13
2318,3933,1322.72,54.24,13
2319,3934,692.8,30.86,13
2320,3935,2950.23,113.41,13
2321,3936,1596.84,79.21,13
2322,3937,568.66,37.75,13
2323,3939,1862.21,112.78,13
2324,3943,2070.88,69.69,13
2325,3944,2802.37,177.01,13
2326,3945,1996.41,127.46,13
2327,3949,779.57,43.07,13
2328,3953,2599.75,176.02,13
2329,3955,1230.39,52.06,13
2330,3956,1889.72,141.06,13
2331,3957,1166.01,79.5,13
2332,3958,1239.59,47.35,13
2333,3959,1893.62,113.75,13
2334,3961,2563.22,108.76,13
2335,3963,1368.16,87.82,13
2336,3966,1882.3,45.06,13
2337,3969,1989.06,95.73,13
2338,3970,701.04,53.13,13
2339,3971,2122.29,58.38,13
2340,3973,902.85,44.12,13
2341,3975,2737.7,119.52,13
2342,3979,2929.99,203.14,13
2343,3980,1808.56,109.94,13
2344,3981,1958.32,87.17,13
2345,3983,1833.05,129.17,13
2346,3985,2926.56,105.28,13
2347,3986,769.29,44.63,13
2348,3991,2508.48,97.74,13
2349,3994,1198.34,53.62,13
2350,3995,587.1,15.31,13
2351,3996,2469.79,76.45,13
2352,3999,1701.02,112.8,13
2353,4000,2975.37,183.89,13
2354,4002,937.75,64.36,13
2355,4003,1019.94,50.52,13
2356,4004,1532.62,78.16,13
2357,4005,1551.03,77.56,13
2358,4006,815.81,18.58,13
2359,4007,1890.83,107.61,13
2360,4008,1646.66,130.86,13
2361,4010,2095.94,133.01,13
2362,4011,2917.41,71.11,13
2363,4014,2188.79,120.87,13
2364,4017,2696.15,115.7,13
2365,4018,1718.68,45.46,13
2366,4019,1578.81,97.43,13
2367,4020,2783.75,147.31,13
2368,4022,1150.88,48.88,13
2369,4024,1500.19,107.65,13
2370,4025,955.86,27.81,13
2371,4026,2347.78,54.32,13
2372,4029,2197.33,162.91,13
2373,4031,788.35,28.64,13
2374,4033,2145.72,43.24,13
2375,4036,1446.42,92.58,13
2376,4037,2619.94,79.59,13
2377,4039,2586.5,118.32,13
2378,4040,1681.51,113.46,13
2379,4044,2498.56,141.51,13
2380,4045,701.43,32.28,13
2381,4046,1088.03,39.08,13
2382,4048,2949.55,129.29,13
2383,4049,2023.03,40.73,13
2384,4052,2175.33,90.23,13
2385,4054,1061.64,72.1,13
2386,4056,2899.54,224.9,13
2387,4058,1440.38,34.25,13
2388,4059,751.19,53.69,13
2389,4061,2683.78,202.89,13
2390,4064,1876.61,138.07,13
2391,4065,679.55,24.44,13
2392,4066,2180.37,142.15,13
2393,4067,2240.63,85.41,13
2394,4069,2226.22,84.93,13
2395,4070,1279.15,86.84,13
2396,4072,1422.41,65.08,13
2397,4073,2577.83,144.42,13
2398,4074,1056.29,83.73,13
2399,4075,2839.96,162.54,13
2400,4076,2792.46,215.23,13
2401,4077,2524.91,62.94,13
2402,4079,755.87,30.52,13
2403,4083,1446.22,70.23,13
2404,4084,2236.3,133.12,13
2405,4088,2824.85,66.97,13
2406,4089,1354.03,68.56,13
2407,4090,2736.3,192.25,13
2408,4092,2854.9,58.78,13
2409,4093,2962.87,74.82,13
2410,4094,1964.28,130.25,13
2411,4095,1068.17,26.38,13
2412,4096,2693.15,110.59,13
2413,4097,2806.7,87.42,13
2414,4098,1776.56,134.01,13
2415,4102,812.15,20.92,13
2416,4104,2700.52,214.47,13
2417,4106,953.27,52.54,13
2418,4108,2478.89,88.79,13
2419,4110,2815.84,209.25,13
2420,4112,941.94,26.07,13
2421,4113,1977.34,137.66,13
2422,4115,1850.96,44.33,13
2423,4116,2844.98,85.58,13
2424,4118,1970.0,74.22,13
2425,4119,685.92,18.43,13
2426,4120,1198.34,51.11,13
2427,4121,1360.18,68.97,13
2428,4122,2096.17,111.4,13
2429,4123,2888.36,220.63,13
2430,4124,1736.06,46.28,13
2431,4125,2903.43,183.23,13
2432,4126,990.62,78.22,13
2433,4127,648.76,47.66,13
2434,4129,2367.0,108.52,13
2435,4130,1435.11,44.79,13
2436,4131,1731.24,54.03,13
2437,4135,504.59,18.02,13
2438,4136,1940.22,125.55,13
2439,4137,2709.95,201.71,13
2440,4140,1593.79,119.3,13
2441,4142,627.99,39.02,13
2442,4144,730.88,54.58,13
2443,4145,2543.3,59.03,13
2444,4146,1231.18,27.42,13
2445,4147,905.06,19.0,13
2446,4148,1874.0,131.3,13
2447,4149,2462.29,185.13,13
2448,4150,2273.57,132.41,13
2449,4152,2519.15,186.17,13
2450,4156,725.97,17.5,13
2451,4158,1074.46,52.55,13
2452,4159,1075.9,51.38,13
2453,4160,1798.7,124.09,13
2454,4161,2824.5,68.84,13
2455,4164,851.76,28.91,13
2456,4165,1497.79,110.53,13
2457,4167,2353.09,115.42,13
2458,4169,1567.26,46.14,13
2459,4170,1641.86,36.23,13
2460,4172,1420.63,60.21,13
2461,4176,2788.4,109.75,13
2462,4177,670.26,18.33,13
2463,4180,1842.92,108.08,13
2464,4182,1956.05,68.78,13
2465,4185,1138.78,34.75,13
2466,4191,1812.46,52.8,13
2467,4193,2991.58,219.95,13
2468,4195,1312.76,32.57,13
2469,4200,2185.55,95.76,13
2470,4201,2363.64,143.77,13
2471,4203,1748.55,87.0,13
2472,4204,1090.45,55.27,13
2473,4206,1624.87,74.89,13
2474,4207,974.69,35.6,13
2475,4208,2519.33,158.68,13
2476,4209,2801.35,213.33,13
2477,4211,2936.25,150.37,13
2478,4213,2452.31,90.97,13
2479,4214,2965.72,75.33,13
2480,4215,722.15,56.42,13
2481,4219,1218.69,32.77,13
2482,4221,2080.8,154.46,13
2483,4222,1998.21,85.13,13
2484,4225,562.44,34.69,13
2485,4226,2625.36,201.3,13
2486,4227,1696.98,61.6,13
2487,4228,2924.39,233.79,13
2488,4229,1300.25,46.97,13
2489,4230,2790.61,133.51,13
2490,4231,655.78,41.24,13
2491,4235,996.94,54.63,13
2492,4237,981.57,51.05,13
2493,4238,1009.45,64.15,13
2494,4240,2006.17,148.25,13
2495,4242,2841.31,222.58,13
2496,4243,1066.07,79.1,13
2497,4246,1171.01,32.79,13
2498,4247,1538.24,51.01,13
2499,4248,1546.08,76.96,13
2500,4249,987.84,74.8,13
2501,4251,2491.71,163.47,13
2502,4252,2809.96,224.32,13
2503,4254,1871.92,68.1,13
2504,4255,777.86,33.1,13
2505,4257,1204.65,49.77,13
2506,4261,1152.06,83.42,13
2507,4263,2838.78,125.15,13
2508,4267,1544.56,78.87,13
2509,4268,2319.14,67.18,13
2510,4269,1788.01,78.34,13
2511,4270,2670.87,205.48,13
2512,4271,745.11,44.79,13
2513,4272,937.14,55.34,13
2514,4273,2317.32,147.69,13
2515,4275,572.94,23.62,13
2516,4276,2116.89,99.17,13
2517,4279,2167.56,96.41,13
2518,4280,1862.68,85.27,13
2519,4281,2710.65,93.88,13
2520,4290,2864.39,62.8,13
2521,4293,2547.59,58.05,13
2522,4296,589.55,40.35,13
2523,4297,1822.28,100.65,13
2524,4299,1059.27,31.67,13
2525,4300,1386.57,99.05,13
2526,4303,1519.07,107.71,13
2527,4307,867.02,64.13,13
2528,4309,1934.33,54.22,13
2529,4311,1895.33,146.83,13
2530,4312,1119.69,76.99,13
2531,4313,550.69,25.99,13
2532,4315,2102.64,53.1,13
2533,4316,2668.15,145.4,13
2534,4319,1108.02,82.16,13
2535,4320,1138.96,62.19,13
2536,4323,1788.12,71.89,13
2537,4324,1152.76,67.54,13
2538,4327,888.97,35.07,13
2539,4328,1014.52,72.97,13
2540,4329,1120.74,85.43,13
2541,4330,2321.31,84.37,13
2542,4331,2169.04,149.08,13
2543,4332,1211.06,71.61,13
2544,4333,2362.19,165.05,13
2545,4339,529.86,10.72,13
2546,4340,1969.19,55.24,13
2547,4341,2306.23,60.25,13
2548,4342,2141.47,55.39,13
2549,4343,1540.26,69.4,13
2550,4344,611.07,13.59,13
2551,4345,2225.68,130.01,13
2552,4346,2413.67,114.3,13
2553,4347,1138.08,48.28,13
2554,4348,1302.92,84.07,13
2555,4349,913.39,26.62,13
2556,4350,2272.5,107.93,13
2557,4352,640.98,31.55,13
2558,4355,1938.87,145.12,13
2559,4356,885.33,23.44,13
2560,4357,1887.21,79.5,13
2561,4358,1860.17,134.12,13
2562,4361,1277.06,64.59,13
2563,4363,1586.83,84.3,13
2564,4364,1422.37,85.65,13
2565,4365,1284.74,54.82,13
2566,4367,1667.05,79.59,13
2567,4368,2785.09,183.21,13
2568,4369,1229.33,27.94,13
2569,4370,2244.26,62.86,13
2570,4373,723.77,15.59,13
2571,4374,1983.94,136.14,13
2572,4375,745.61,48.26,13
2573,4376,2442.55,55.02,13
2574,4377,1139.4,35.6,13
2575,4378,843.57,65.71,13
2576,4381,1398.64,66.2,13
2577,4382,1027.51,27.36,13
2578,4385,598.69,37.22,13
2579,4386,1732.56,100.92,13
2580,4387,671.74,31.36,13
2581,4388,1743.43,130.05,13
2582,4389,1022.16,73.61,13
2583,4392,1833.78,132.21,13
2584,4394,2342.2,127.02,13
2585,4395,1175.63,91.89,13
2586,4396,2823.94,105.43,13
2587,4397,817.89,30.44,13
2588,4398,1851.42,69.71,13
2589,4401,1157.86,31.41,13
2590,4403,885.52,57.37,13
2591,4405,2666.7,114.41,13
2592,4406,2453.0,97.92,13
2593,4407,2207.26,57.51,13
2594,4410,502.5,22.96,13
2595,4411,1801.45,71.95,13
2596,4412,2068.61,152.71,13
2597,4414,2785.51,120.72,13
2598,4415,614.79,44.25,13
2599,4416,1527.28,76.58,13
2600,4417,1881.94,144.59,13
2601,4418,1088.53,42.2,13
2602,4419,2560.28,87.64,13
2603,4420,575.4,27.31,13
2604,4421,2086.16,126.41,13
2605,4422,1189.83,87.0,13
2606,4423,551.42,31.86,13
2607,4424,1111.59,58.51,13
2608,4425,886.49,23.19,13
2609,4426,1364.57,88.89,13
2610,4427,2070.15,144.97,13
2611,4429,565.77,23.52,13
2612,4432,2050.57,91.56,13
2613,4433,2811.94,108.52,13
2614,4434,1439.88,33.45,13
2615,4436,2908.36,206.45,13
2616,4437,1152.37,46.31,13
2617,4438,1540.68,48.02,13
2618,4439,701.56,55.6,13
2619,4441,2245.15,137.33,13
2620,4443,793.86,61.8,13
2621,4444,1856.76,89.64,13
2622,4448,584.03,27.31,13
2623,4449,2891.9,162.19,13
2624,4451,1928.42,85.19,13
2625,4453,527.15,39.8,13
2626,4456,1767.64,134.09,13
2627,4459,581.2,30.56,13
2628,4460,1831.04,109.55,13
2629,4461,2471.23,139.33,13
2630,4462,2611.83,94.46,13
2631,4463,998.1,55.65,13
2632,4464,2907.65,148.29,13
2633,4465,1696.13,58.88,13
2634,4467,1291.4,42.46,13
2635,4468,2949.03,186.67,13
2636,4469,2547.9,102.36,13
2637,4470,2840.58,145.64,13
2638,4471,881.98,18.58,13
2639,4472,2599.84,57.5,13
2640,4473,2782.11,157.19,13
2641,4474,1839.82,136.72,13
2642,4475,2612.89,129.27,13
2643,4476,1308.21,54.75,13
2644,4477,1364.03,78.51,13
2645,4478,2260.15,167.08,13
2646,4482,898.05,60.6,13
2647,4483,1264.2,56.53,13
2648,4484,2265.98,157.79,13
2649,4487,1753.18,40.68,13
2650,4490,1188.83,31.13,13
2651,4493,2611.95,208.54,13
2652,4494,2859.91,102.83,13
2653,4495,1729.14,111.83,13
2654,4496,1720.84,94.73,13
2655,4497,1406.85,47.63,13
2656,4498,1395.3,56.71,13
2657,4499,1020.93,32.54,13
2658,4500,2620.34,138.36,13
2659,4503,2577.77,168.01,13
2660,4505,942.42,70.52,13
2661,4506,831.36,39.68,13
2662,4508,1494.67,108.84,13
2663,4509,1955.46,153.67,13
2664,4510,1680.86,63.7,13
2665,4511,2329.71,90.02,13
2666,4512,733.66,57.5,13
2667,4513,2473.32,87.09,13
2668,4516,2274.5,80.45,13
2669,4520,2309.11,163.84,13
2670,4522,1699.7,78.53,13
2671,4524,1236.49,68.37,13
2672,4528,688.37,20.08,13
2673,4532,2699.55,103.97,13
2674,4533,2113.32,142.37,13
2675,4534,1664.02,120.49,13
2676,4535,2730.03,153.44,13
2677,4536,616.1,43.92,13
2678,4537,2260.91,159.33,13
2679,4539,2373.63,118.14,13
2680,4540,1614.5,96.73,13
2681,4541,2773.95,212.6,13
2682,4542,1023.84,60.95,13
2683,4543,1702.39,92.2,13
2684,4545,1123.51,28.07,13
2685,4546,2444.37,67.53,13
2686,4547,685.05,49.21,13
2687,4548,1377.8,90.02,13
2688,4549,1851.35,45.05,13
2689,4550,2494.58,158.88,13
2690,4551,1460.51,73.75,13
2691,4552,932.67,26.94,13
2692,4554,1116.0,61.54,13
2693,4556,2300.22,125.41,13
2694,4558,548.18,13.59,13
2695,4559,2147.69,50.16,13
2696,4561,2390.22,78.58,13
2697,4562,1674.56,118.84,13
2698,4563,1777.79,66.76,13
2699,4564,2871.61,133.06,13
2700,4565,1189.26,48.28,13
2701,4566,2577.56,109.41,13
2702,4569,2867.9,187.73,13
2703,4570,667.96,26.93,13
2704,4573,1422.17,73.73,13
2705,4575,1908.58,86.35,13
2706,4579,2182.06,55.81,13
2707,4580,2457.84,106.21,13
2708,4581,2420.89,111.48,13
2709,4583,732.61,55.9,13
2710,4585,2920.78,201.35,13
2711,4586,2906.98,196.81,13
2712,4588,2865.66,154.33,13
2713,4590,1461.08,98.7,13
2714,4592,2154.55,144.16,13
2715,4593,526.2,26.91,13
2716,4595,2520.26,52.45,13
2717,4597,898.76,60.1,13
2718,4600,767.53,43.59,13
2719,4601,2073.61,99.08,13
2720,4602,1978.9,78.66,13
2721,4603,699.4,18.21,13
2722,4604,1748.93,137.45,13
2723,4606,1798.3,44.22,13
2724,4607,1152.31,63.46,13
2725,4609,1714.99,77.89,13
2726,4610,1680.31,101.71,13
2727,4611,1575.41,78.04,13
2728,4613,795.62,36.22,13
2729,4614,1003.27,53.57,13
2730,4616,2136.86,89.65,13
2731,4619,2653.26,203.97,13
2732,4620,2248.84,134.9,13
2733,4622,2462.87,131.65,13
2734,4623,1858.04,108.62,13
2735,4624,2196.02,145.21,13
2736,4625,2610.12,128.93,13
2737,4626,2970.74,159.14,13
2738,4627,2244.22,127.67,13
2739,4628,1528.31,64.91,13
2740,4631,1291.16,27.7,13
2741,4632,2969.34,232.84,13
2742,4634,960.88,41.41,13
2743,4635,2135.22,128.67,13
2744,4636,1360.22,34.96,13
2745,4637,2743.04,159.25,13
2746,4639,613.59,27.82,13
2747,4641,2064.11,62.13,13
2748,4642,2075.34,49.23,13
2749,4643,2400.63,164.47,13
2750,4644,2192.25,68.72,13
2751,4645,788.22,29.74,13
2752,4646,2868.58,66.21,13
2753,4647,1490.32,92.32,13
2754,4648,2783.95,79.77,13
2755,4649,901.17,36.92,13
2756,4653,1564.59,42.44,13
2757,4654,1913.51,136.6,13
2758,4655,2289.32,63.56,13
2759,4658,1492.25,62.85,13
2760,4659,1954.8,40.84,13
2761,4661,2908.12,100.13,13
2762,4662,1104.37,73.46,13
2763,4663,2470.94,151.57,13
2764,4664,1766.53,109.87,13
2765,4665,2295.06,123.11,13
2766,4666,1150.89,31.51,13
2767,4667,2717.19,99.71,13
2768,4668,1549.36,44.84,13
2769,4669,1614.86,92.38,13
2770,4670,1960.85,47.49,13
2771,4673,2234.45,114.81,13
2772,4675,2387.83,111.86,13
2773,4676,2232.02,115.71,13
2774,4677,2276.03,180.59,13
2775,4678,1906.26,137.07,13
2776,4679,2417.68,184.91,13
2777,4680,597.55,14.43,13
2778,4683,932.22,33.61,13
2779,4684,611.07,47.24,13
2780,4686,856.7,18.25,13
2781,4687,1509.91,89.37,13
2782,4688,588.06,32.53,13
2783,4690,2439.74,156.18,13
2784,4691,559.89,30.99,13
2785,4692,2229.56,113.36,13
2786,4693,1862.88,63.77,13
2787,4694,573.34,27.19,13
2788,4695,1853.07,98.29,13
2789,4696,604.76,24.09,13
2790,4698,2474.61,166.89,13
2791,4699,1735.18,71.99,13
2792,4701,2274.53,116.24,13
2793,4703,2899.86,106.74,13
2794,4704,2252.98,85.46,13
2795,4706,2700.15,81.66,13
2796,4707,1843.1,144.18,13
2797,4708,2541.66,52.1,13
2798,4709,2899.53,74.27,13
2799,4713,846.73,35.32,13
2800,4715,2502.7,187.39,13
2801,4717,2484.11,185.66,13
2802,4718,563.74,13.65,13
2803,4721,2092.03,130.19,13
2804,4724,2226.65,51.58,13
2805,4725,2350.37,50.25,13
2806,4727,2123.28,134.24,13
2807,4728,952.87,40.59,13
2808,4729,951.51,20.09,13
2809,4730,987.3,66.17,13
2810,4731,586.94,32.57,13
2811,4732,1035.9,57.09,13
2812,4735,1360.09,62.75,13
2813,4736,1476.43,42.65,13
2814,4737,1484.54,40.68,13
2815,4739,1192.7,95.35,13
2816,4740,2453.34,167.38,13
2817,4742,2653.63,143.73,13
2818,4743,2786.11,107.33,13
2819,4744,543.33,25.31,13
2820,4747,1941.91,47.71,13
2821,4748,1692.2,62.43,13
2822,4749,2067.37,72.88,13
2823,4751,561.84,33.35,13
2824,4757,2564.71,52.83,13
2825,4758,1794.04,59.74,13
2826,4759,932.36,25.05,13
2827,4762,1723.67,77.51,13
2828,4765,820.5,22.7,13
2829,4769,2708.95,62.23,13
2830,4770,2625.68,195.2,13
2831,4772,907.59,24.53,13
2832,4773,1202.11,84.08,13
2833,4776,1520.6,66.41,13
2834,4778,1751.52,123.38,13
2835,4779,2800.94,120.83,13
2836,4780,2835.05,140.75,13
2837,4783,1182.96,56.85,13
2838,4785,1546.44,66.07,13
2839,4786,1442.83,109.84,13
2840,4790,2256.55,59.1,13
2841,4796,1254.39,35.76,13
2842,4797,2984.25,105.5,13
2843,4798,2254.35,163.07,13
2844,4799,2994.98,184.1,13
2845,4800,1265.41,32.53,13
2846,4801,1930.49,60.81,13
2847,4803,631.95,44.59,13
2848,4804,2045.37,109.7,13
2849,4805,688.87,25.88,13
2850,4806,1306.71,78.36,13
2851,4807,1067.25,47.77,13
2852,4808,1643.21,106.98,13
2853,4809,1647.07,86.2,13
2854,4811,1857.31,92.64,13
2855,4812,2754.46,109.94,13
2856,4816,2905.85,77.69,13
2857,4819,2313.19,130.6,13
2858,4820,2921.64,84.6,13
2859,4823,1964.26,39.59,13
2860,4824,2477.69,71.1,13
2861,4827,2776.07,114.95,13
2862,4830,2438.37,182.34,13
2863,4831,2236.26,59.65,13
2864,4832,1306.63,88.98,13
2865,4833,615.17,32.45,13
2866,4834,1675.99,33.55,13
2867,4835,610.57,21.33,13
2868,4837,999.42,24.23,13
2869,4838,2938.35,181.37,13
2870,4840,890.15,21.57,13
2871,4841,683.15,47.86,13
2872,4843,658.0,47.29,13
2873,4846,1746.62,53.56,13
2874,4847,1734.06,84.44,13
2875,4848,1437.22,75.75,13
2876,4850,603.95,19.48,13
2877,4851,1960.1,85.92,13
2878,4852,720.02,43.09,13
2879,4853,1007.27,72.23,13
2880,4857,994.68,62.17,13
2881,4858,2242.85,62.1,13
2882,4864,1067.48,39.03,13
2883,4866,1460.06,35.94,13
2884,4868,782.13,21.8,13
2885,4869,2963.48,108.21,13
2886,4870,1144.47,53.91,13
2887,4871,1000.23,74.47,13
2888,4872,1240.57,32.93,13
2889,4873,2213.1,93.32,13
2890,4874,2234.88,172.38,13
2891,4876,2677.57,109.8,13
2892,4877,2184.09,102.44,13
2893,4878,1418.8,40.46,13
2894,4880,2344.87,118.12,13
2895,4881,2926.42,217.88,13
2896,4883,996.81,79.65,13
2897,4884,1802.95,102.02,13
2898,4886,2530.02,56.96,13
2899,4888,2664.32,143.71,13
2900,4891,2945.71,102.8,13
2901,4892,1604.95,41.52,13
2902,4898,1010.64,55.22,13
2903,4899,1723.47,46.66,13
2904,4900,708.77,22.55,13
2905,4904,2044.99,110.84,13
2906,4905,1612.34,48.71,13
2907,4909,1778.07,117.54,13
2908,4911,2062.3,141.21,13
2909,4912,634.4,33.82,13
2910,4913,1262.57,60.46,13
2911,4914,1201.45,29.7,13
2912,4915,1748.91,137.36,13
2913,4916,2616.63,176.98,13
2914,4917,2365.17,179.23,13
2915,4918,1312.77,29.75,13
2916,4919,1280.68,83.84,13
2917,4920,2498.56,149.88,13
2918,4923,1480.06,42.47,13
2919,4924,1856.98,53.59,13
2920,4926,1963.18,94.66,13
2921,4928,2143.1,78.69,13
2922,4931,2199.68,150.33,13
2923,4936,1760.97,122.44,13
2924,4937,957.43,53.47,13
2925,4938,1276.43,65.06,13
2926,4940,2101.86,79.22,13
2927,4942,2585.53,190.26,13
2928,4943,812.34,51.98,13
2929,4944,701.65,40.73,13
2930,4946,776.64,49.25,13
2931,4947,1275.54,59.6,13
2932,4948,741.16,38.94,13
2933,4951,2433.54,165.09,13
2934,4952,2242.31,119.73,13
2935,4954,1978.81,84.34,13
2936,4955,857.92,43.51,13
2937,4956,2206.75,112.48,13
2938,4959,1605.43,43.4,13
2939,4962,1314.92,100.08,13
2940,4967,902.95,52.52,13
2941,4969,1264.51,94.56,13
2942,4976,810.34,40.7,13
2943,4978,1257.66,28.34,13
2944,4979,2658.46,174.98,13
2945,4981,556.55,37.38,13
2946,4982,2331.81,65.85,13
2947,4984,2642.7,111.23,13
2948,4985,1100.6,72.9,13
2949,4990,2056.12,146.9,13
2950,4995,1161.59,48.74,13
2951,4996,1664.75,56.56,13
2952,4998,2475.23,133.91,13
2953,5000,1793.57,69.7,13
